slide,source_png,chapter,kind,title,subtitle,web_image
1,01_cover.png,,content,Water-Burial Among the Crocodiles,,assets/images/0001.png
2,02_orientation.png,,content,About this teaching series,"How each chapter is taught.  One title card fixes the chapter's place, source and epigraph; then teaching cards vary in number with the chapter's length and density — longer, denser chapters receive more cards.",assets/images/0002.png
3,03_ch-100_title.png,-100,title,Conch and Silver,शंख आ रजत    Śaṅkha ā Rajat,assets/images/0003.png
4,04_ch-100_frame.png,-100,content,"The frame: a village, a witness, and one small question",Conch and Silver  ·  शंख आ रजत    —    card 1 of 3,assets/images/0004.png
5,05_ch-100_three-errors.png,-100,content,"Three theories of error, tested at the door",Conch and Silver  ·  शंख आ रजत    —    card 2 of 3,assets/images/0005.png
6,06_ch-100_bhamati-move.png,-100,content,From the conch to the world: the Bhāmatī move,Conch and Silver  ·  शंख आ रजत    —    card 3 of 3,assets/images/0006.png
7,07_ch-99_title.png,-99,title,Establishing the Self,आत्मसिद्धि-वाद    Ātmasiddhi-vāda,assets/images/0007.png
8,08_ch-99_debate.png,-99,content,"The debate: is there anyone who says ""I""?",Establishing the Self  ·  आत्मसिद्धि-वाद    —    card 1 of 3,assets/images/0008.png
9,09_ch-99_no-knower.png,-99,content,Against a world with no knower behind it,Establishing the Self  ·  आत्मसिद्धि-वाद    —    card 2 of 3,assets/images/0009.png
10,10_ch-99_memory.png,-99,content,Memory proves a Self — and a Self worth keeping,Establishing the Self  ·  आत्मसिद्धि-वाद    —    card 3 of 3,assets/images/0010.png
11,11_ch-98_title.png,-98,title,Who Made This World?,केऽ बनौलक ई जगत?    Ke'i Banaulak Ī Jagat?,assets/images/0011.png
12,12_ch-98_square.png,-98,content,A quarrel in the village square,Who Made This World?  ·  केऽ बनौलक ई जगत?    —    card 1 of 3,assets/images/0012.png
13,13_ch-98_order-and-name.png,-98,content,"Order, upkeep, and the first name",Who Made This World?  ·  केऽ बनौलक ई जगत?    —    card 2 of 3,assets/images/0013.png
14,14_ch-98_verdict.png,-98,content,"The verdict: not silence, but a better question",Who Made This World?  ·  केऽ बनौलक ई जगत?    —    card 3 of 3,assets/images/0014.png
15,15_ch-97_title.png,-97,title,The Wishing-Jewel of Thought,चिंतामणि रत्न    Cintāmaṇi Ratna,assets/images/0015.png
16,16_ch-97_method.png,-97,content,The method before the doctrine,The Wishing-Jewel of Thought  ·  चिंतामणि रत्न    —    card 1 of 3,assets/images/0016.png
17,17_ch-97_definitions.png,-97,content,"Two definitions, cut and re-cut",The Wishing-Jewel of Thought  ·  चिंतामणि रत्न    —    card 2 of 3,assets/images/0017.png
18,18_ch-97_god-inference.png,-97,content,The inference of God — named with precision,The Wishing-Jewel of Thought  ·  चिंतामणि रत्न    —    card 3 of 3,assets/images/0018.png
19,19_ch-96_title.png,-96,title,Guarding the Memory,स्मृति-रक्षा    Smṛti-rakṣā,assets/images/0019.png
20,20_ch-96_well-and-verdict.png,-96,content,"A death by the well, and a rushed verdict",Guarding the Memory  ·  स्मृति-रक्षा    —    card 1 of 2,assets/images/0020.png
21,21_ch-96_birth-of-burhba.png,-96,content,"The unfinished line, and the birth of Būṛhbā",Guarding the Memory  ·  स्मृति-रक्षा    —    card 2 of 2,assets/images/0021.png
22,22_ch-95_title.png,-95,title,The Submerged Manuscript,जलमग्न पाण्डुलिपि    Jalamagna Pāṇḍulipi,assets/images/0022.png
23,23_ch-95_fire.png,-95,content,"The fire, and a life spent to save the books",The Submerged Manuscript  ·  जलमग्न पाण्डुलिपि    —    card 1 of 2,assets/images/0023.png
24,24_ch-95_price-and-name.png,-95,content,The price of an obstacle-free completion,The Submerged Manuscript  ·  जलमग्न पाण्डुलिपि    —    card 2 of 2,assets/images/0024.png
25,25_ch-94_title.png,-94,title,The Silence of Four Mouths,चारि मुखक मौन    Cāri Mukhak Maun,assets/images/0025.png
26,26_ch-94_four-answers.png,-94,content,"Four philosophies, one hungry crowd",The Silence of Four Mouths  ·  चारि मुखक मौन    —    card 1 of 2,assets/images/0026.png
27,27_ch-94_witness-tree.png,-94,content,"The witness-tree, and the four faces",The Silence of Four Mouths  ·  चारि मुखक मौन    —    card 2 of 2,assets/images/0027.png
28,28_ch-93_title.png,-93,title,The Conch's Last Question,शंखक अन्तिम प्रश्न    Śaṅkhak Antim Praśna,assets/images/0028.png
29,29_ch-93_last-question.png,-93,content,"A lifetime of doubt, come to die",The Conch's Last Question  ·  शंखक अन्तिम प्रश्न    —    card 1 of 2,assets/images/0029.png
30,30_ch-93_silver-light.png,-93,content,"Budhuā's answer, and the silver light",The Conch's Last Question  ·  शंखक अन्तिम प्रश्न    —    card 2 of 2,assets/images/0030.png
31,31_ch-92_title.png,-92,title,The Prisoner of the Water-Clock,जल-घड़ीक कैदी    Jal-ghaṛīk Kaidī,assets/images/0031.png
32,32_ch-92_water-clock.png,-92,content,"The village, and a farmer who cannot be heard",The Prisoner of the Water-Clock  ·  जल-घड़ीक कैदी    —    card 1 of 2,assets/images/0032.png
33,33_ch-92_unfinished-sentence.png,-92,content,"The unfinished sentence, and ""Loth""",The Prisoner of the Water-Clock  ·  जल-घड़ीक कैदी    —    card 2 of 2,assets/images/0033.png
34,34_ch-91_title.png,-91,title,The Light of the Cobblers' Quarter,चर्मकार टोलाक उजास    Carmakār Ṭolāk Ujās,assets/images/0034.png
35,35_ch-91_drum.png,-91,content,"A truth of Nyāya, learned from a drum",The Light of the Cobblers' Quarter  ·  चर्मकार टोलाक उजास    —    card 1 of 2,assets/images/0035.png
36,36_ch-91_forgetting.png,-91,content,The foundation the world forgets,The Light of the Cobblers' Quarter  ·  चर्मकार टोलाक उजास    —    card 2 of 2,assets/images/0036.png
37,37_ch-90_title.png,-90,title,Budhuā's Water-Burial,बुधुआक जलसमाधि    Budhuāk Jalasamādhi,assets/images/0037.png
38,38_ch-90_last-witness.png,-90,content,"The last witness, and a memory too heavy to carry",Budhuā's Water-Burial  ·  बुधुआक जलसमाधि    —    card 1 of 3,assets/images/0038.png
39,39_ch-90_water-burial.png,-90,content,The water-burial,Budhuā's Water-Burial  ·  बुधुआक जलसमाधि    —    card 2 of 3,assets/images/0039.png
40,40_ch-90_burhba-born.png,-90,content,"The birth of Būṛhbā, and ""twelve hundred years""",Budhuā's Water-Burial  ·  बुधुआक जलसमाधि    —    card 3 of 3,assets/images/0040.png
41,41_ch-89_title.png,-89,title,"First Night, First Flood","पहिल राति, पहिल बाढ़ि    Pahil Rāti, Pahil Bāṛhi",assets/images/0041.png
42,42_ch-89_spectator.png,-89,content,A witness who cannot save is only a spectator,"First Night, First Flood  ·  पहिल राति, पहिल बाढ़ि    —    card 1 of 2",assets/images/0042.png
43,43_ch-89_half-ghost.png,-89,content,"""A witness becomes half-ghost""","First Night, First Flood  ·  पहिल राति, पहिल बाढ़ि    —    card 2 of 2",assets/images/0043.png
44,44_ch-88_title.png,-88,title,The Witch's Accusation,डाइनक आरोप    Ḍāink Ārop,assets/images/0044.png
45,45_ch-88_manufactured.png,-88,content,An accusation built to order,The Witch's Accusation  ·  डाइनक आरोप    —    card 1 of 2,assets/images/0045.png
46,46_ch-88_torches.png,-88,content,"The charge, and the torches",The Witch's Accusation  ·  डाइनक आरोप    —    card 2 of 2,assets/images/0046.png
47,47_ch-87_title.png,-87,title,At the Quarter's Gate,टोलाक द्वारपर    Ṭolāk Dvārpar,assets/images/0047.png
48,48_ch-87_living-wall.png,-87,content,"A living wall, and a snuffed torch",At the Quarter's Gate  ·  टोलाक द्वारपर    —    card 1 of 1,assets/images/0048.png
49,49_ch-86_title.png,-86,title,The Crocodile of Time,समयक गोहि    Samayak Gohi,assets/images/0049.png
50,50_ch-86_three-visions.png,-86,content,Three visions across time,The Crocodile of Time  ·  समयक गोहि    —    card 1 of 2,assets/images/0050.png
51,51_ch-86_crocodile-of-time.png,-86,content,"Time is a crocodile, not a river",The Crocodile of Time  ·  समयक गोहि    —    card 2 of 2,assets/images/0051.png
52,52_ch-85_title.png,-85,title,The Amil's Order,आमिलक आदेश    Āmilak Ādeś,assets/images/0052.png
53,53_ch-85_axe-stopped.png,-85,content,"The axe, and the voice that stops it",The Amil's Order  ·  आमिलक आदेश    —    card 1 of 2,assets/images/0053.png
54,54_ch-85_yashpati-vanishes.png,-85,content,"Yaśpati vanishes, and a new fear",The Amil's Order  ·  आमिलक आदेश    —    card 2 of 2,assets/images/0054.png
55,55_ch-84_title.png,-84,title,The Silence of the Forest,जंगलक मौन    Jaṅgalak Maun,assets/images/0055.png
56,56_ch-84_track-ends-at-water.png,-84,content,A track that ends at the water,The Silence of the Forest  ·  जंगलक मौन    —    card 1 of 1,assets/images/0056.png
57,57_ch-83_title.png,-83,title,Sonmā the Fisherwoman,सोनमा माझिन    Sonmā Mājhin,assets/images/0057.png
58,58_ch-83_mul-gohi.png,-83,content,"The primal crocodile, and forgetting as nature",Sonmā the Fisherwoman  ·  सोनमा माझिन    —    card 1 of 1,assets/images/0058.png
59,59_ch-82_title.png,-82,title,The First Kabaddī,पहिल कबड्डी    Pahil Kabaḍḍī,assets/images/0059.png
60,60_ch-82_first-kabaddi.png,-82,content,"Witness and offering, joined in one game",The First Kabaddī  ·  पहिल कबड्डी    —    card 1 of 1,assets/images/0060.png
61,61_ch-81_title.png,-81,title,The Shadow of Invasion,आक्रमणक छाया    Ākramaṇak Chāyā,assets/images/0061.png
62,62_ch-81_invasion.png,-81,content,Children at play turn an army aside,The Shadow of Invasion  ·  आक्रमणक छाया    —    card 1 of 1,assets/images/0062.png
63,63_ch-80_title.png,-80,title,The First Line of the Song,गीतक पहिल पाँति    Gītak Pahil Pāṅti,assets/images/0063.png
64,64_ch-80_first-line.png,-80,content,The tale first set on paper — in plain speech,The First Line of the Song  ·  गीतक पहिल पाँति    —    card 1 of 1,assets/images/0064.png
65,65_ch-79_title.png,-79,title,The Raid of Forgiveness,क्षमाक पारी    Kṣamāk Pārī,assets/images/0065.png
66,66_ch-79_forgiveness.png,-79,content,A grandson returns what was taken,The Raid of Forgiveness  ·  क्षमाक पारी    —    card 1 of 1,assets/images/0066.png
67,67_ch-78_title.png,-78,title,Outside the Panjī,पंजीक बाहर    Panjīk Bāhar,assets/images/0067.png
68,68_ch-78_shadow-panji.png,-78,content,A shadow-register for the names left out,Outside the Panjī  ·  पंजीक बाहर    —    card 1 of 1,assets/images/0068.png
69,69_ch-77_title.png,-77,title,Būṛhbā's Silence,बूढ़बाक मौन    Būṛhbāk Maun,assets/images/0069.png
70,70_ch-77_silence.png,-77,content,The witness who was never witnessed,Būṛhbā's Silence  ·  बूढ़बाक मौन    —    card 1 of 1,assets/images/0070.png
71,71_ch-76_title.png,-76,title,The First Lesson on the Coconut Leaf,नारिकेल पातक पहिल पाठ    Nārikel Pātak Pahil Pāṭh,assets/images/0071.png
72,72_ch-76_coconut-leaf.png,-76,content,"Writing their own story, at last",The First Lesson on the Coconut Leaf  ·  नारिकेल पातक पहिल पाठ    —    card 1 of 1,assets/images/0072.png
73,73_ch-75_title.png,-75,title,The First Rebellion of Reason,तर्कक पहिल विद्रोह    Tarkak Pahil Vidroh,assets/images/0073.png
74,74_ch-75_rebellion.png,-75,content,"Doubt, and the mark by the water",The First Rebellion of Reason  ·  तर्कक पहिल विद्रोह    —    card 1 of 1,assets/images/0074.png
75,75_ch-74_title.png,-74,title,The Tree's Disease,गाछक रोग    Gāchak Rog,assets/images/0075.png
76,76_ch-74_tree-disease.png,-74,content,All quarters heal the witness-tree,The Tree's Disease  ·  गाछक रोग    —    card 1 of 1,assets/images/0076.png
77,77_ch-73_title.png,-73,title,Mohan's Melody,मोहनक धुन    Mohanak Dhun,assets/images/0077.png
78,78_ch-73_melody.png,-73,content,A name that becomes a sound,Mohan's Melody  ·  मोहनक धुन    —    card 1 of 1,assets/images/0078.png
79,79_ch-72_title.png,-72,title,The Marriage Witness,विवाहक साक्षी    Vivāhak Sākṣī,assets/images/0079.png
80,80_ch-72_marriage.png,-72,content,"A new hope, not a new tragedy",The Marriage Witness  ·  विवाहक साक्षी    —    card 1 of 1,assets/images/0080.png
81,81_ch-71_title.png,-71,title,The Night of the Epidemic,महामारीक राति    Mahāmārīk Rāti,assets/images/0081.png
82,82_ch-71_epidemic.png,-71,content,When the dead are too many to name one by one,The Night of the Epidemic  ·  महामारीक राति    —    card 1 of 1,assets/images/0082.png
83,83_ch-70_title.png,-70,title,The Planting of the Channā Grove,चन्ना गाछीक रोपाई    Channā Gāchīk Ropāī,assets/images/0083.png
84,84_ch-70_channa-grove.png,-70,content,A living library of names,The Planting of the Channā Grove  ·  चन्ना गाछीक रोपाई    —    card 1 of 1,assets/images/0084.png
85,85_ch-69_title.png,-69,title,The Tale of the Elephant and the Crocodile,गज-ग्राहक कथा    Gaj-Grāhak Kathā,assets/images/0085.png
86,86_ch-69_gaj-grah.png,-69,content,"Prayer and effort, never one alone",The Tale of the Elephant and the Crocodile  ·  गज-ग्राहक कथा    —    card 1 of 1,assets/images/0086.png
87,87_ch-68_title.png,-68,title,The Court's First Hearing,अदालतक पहिल तारीख    Adālatak Pahil Tārīkh,assets/images/0087.png
88,88_ch-68_courts-ghost.png,-68,content,The injustice of the date,The Court's First Hearing  ·  अदालतक पहिल तारीख    —    card 1 of 1,assets/images/0088.png
89,89_ch-67_title.png,-67,title,The Call of the Foreign Land,परदेशक पुकार    Pardeśak Pukār,assets/images/0089.png
90,90_ch-67_pardesh.png,-67,content,How memory reaches beyond the grove,The Call of the Foreign Land  ·  परदेशक पुकार    —    card 1 of 1,assets/images/0090.png
91,91_ch-66_title.png,-66,title,The Women's Night-Assembly,स्त्री सभक राति-सभा    Strī Sabhak Rāti-Sabhā,assets/images/0091.png
92,92_ch-66_womens-assembly.png,-66,content,"Out of the chaunki's dark, into the light",The Women's Night-Assembly  ·  स्त्री सभक राति-सभा    —    card 1 of 1,assets/images/0092.png
93,93_ch-65_title.png,-65,title,The Procession of the Fake Ghost,नकली भूतक जुलूस    Naklī Bhūtak Julūs,assets/images/0093.png
94,94_ch-65_fake-ghost.png,-65,content,"""A true witness never asks for money""",The Procession of the Fake Ghost  ·  नकली भूतक जुलूस    —    card 1 of 1,assets/images/0094.png
95,95_ch-64_title.png,-64,title,Sukhdev's Requital,सुखदेवक बदला    Sukhdevak Badlā,assets/images/0095.png
96,96_ch-64_requital.png,-64,content,"Requital as justice, not revenge",Sukhdev's Requital  ·  सुखदेवक बदला    —    card 1 of 1,assets/images/0096.png
97,97_ch-63_title.png,-63,title,The First Page of the Printing Press,छापाखानाक पहिल पन्ना    Chāpākhānāk Pahil Pannā,assets/images/0097.png
98,98_ch-63_printing-press.png,-63,content,The story that is not yet finished,The First Page of the Printing Press  ·  छापाखानाक पहिल पन्ना    —    card 1 of 1,assets/images/0098.png
99,99_ch-62_title.png,-62,title,Waiting for Relief,राहतक प्रतीक्षा    Rāhatak Pratīkṣā,assets/images/0099.png
100,100_ch-62_relief.png,-62,content,Witness and waiting are two different things,Waiting for Relief  ·  राहतक प्रतीक्षा    —    card 1 of 1,assets/images/0100.png
101,101_ch-61_title.png,-61,title,The Comet in the Sky,आकाशक पुच्छलतारा    Ākāśak Pucchaltārā,assets/images/0101.png
102,102_ch-61_comet.png,-61,content,"The star is a sign, not a cause",The Comet in the Sky  ·  आकाशक पुच्छलतारा    —    card 1 of 1,assets/images/0102.png
103,103_ch-60_title.png,-60,title,The Night of Fire,अगिनक राति    Aginak Rāti,assets/images/0103.png
104,104_ch-60_night-of-fire.png,-60,content,Memory and organization against the flames,The Night of Fire  ·  अगिनक राति    —    card 1 of 1,assets/images/0104.png
105,105_ch-59_title.png,-59,title,The Second Flood,दोसर बाढ़ि    Dosar Bāṛhi,assets/images/0105.png
106,106_ch-59_second-flood.png,-59,content,"The same flood, a village that learned to read water",The Second Flood  ·  दोसर बाढ़ि    —    card 1 of 1,assets/images/0106.png
107,107_ch-58_title.png,-58,title,The Third Calamity,तेसर बिपत्ति    Tesar Bipatti,assets/images/0107.png
108,108_ch-58_third-calamity.png,-58,content,Three knowledges against one disease,The Third Calamity  ·  तेसर बिपत्ति    —    card 1 of 1,assets/images/0108.png
109,109_ch-57_title.png,-57,title,The Sahib's Notebook,साहेबक नोटबुक    Sāhebak Noṭbuk,assets/images/0109.png
110,110_ch-57_sahibs-notebook.png,-57,note,"The story told from outside, and from within",The Sahib's Notebook  ·  साहेबक नोटबुक    —    card 1 of 1,assets/images/0110.png
111,111_ch-56_title.png,-56,title,The Call of Freedom,स्वाधीनताक पुकार    Svādhīnatāk Pukār,assets/images/0111.png
112,112_ch-56_call-of-freedom.png,-56,content,A new kind of kabaddī,The Call of Freedom  ·  स्वाधीनताक पुकार    —    card 1 of 1,assets/images/0112.png
113,113_ch-55_title.png,-55,title,The Dawn of Freedom,स्वतंत्रताक भोर    Svatantratāk Bhor,assets/images/0113.png
114,114_ch-55_dawn-of-freedom.png,-55,content,"Not the answer, but the right to ask",The Dawn of Freedom  ·  स्वतंत्रताक भोर    —    card 1 of 1,assets/images/0114.png
115,115_ch-54_title.png,-54,title,The End of Zamindari,जमींदारीक अन्त    Zamīndārīk Ant,assets/images/0115.png
116,116_ch-54_end-of-zamindari.png,-54,content,"Sukhdev's requital, made permanent",The End of Zamindari  ·  जमींदारीक अन्त    —    card 1 of 1,assets/images/0116.png
117,117_ch-53_title.png,-53,title,The First Electric Lamp,बिजलीक पहिल दीप    Bijlīk Pahil Dīp,assets/images/0117.png
118,118_ch-53_electric-lamp.png,-53,content,"New light, old wick",The First Electric Lamp  ·  बिजलीक पहिल दीप    —    card 1 of 1,assets/images/0118.png
119,119_ch-52_title.png,-52,title,The Border's Call,सीमाक पुकार    Sīmāk Pukār,assets/images/0119.png
120,120_ch-52_borders-call.png,-52,content,A name knows no border,The Border's Call  ·  सीमाक पुकार    —    card 1 of 1,assets/images/0120.png
121,121_ch-51_title.png,-51,title,The Seed of the Green Revolution,हरित क्रान्तिक बीया    Harit Krāntik Bīyā,assets/images/0121.png
122,122_ch-51_green-revolution.png,-51,content,"Progress, and the seed kept back",The Seed of the Green Revolution  ·  हरित क्रान्तिक बीया    —    card 1 of 1,assets/images/0122.png
123,123_ch-50_title.png,-50,title,The Darkness of the Emergency,आपातकालक अन्हार    Āpātkālak Anhār,assets/images/0123.png
124,124_ch-50_emergency.png,-50,content,Tending the inner light,The Darkness of the Emergency  ·  आपातकालक अन्हार    —    card 1 of 1,assets/images/0124.png
125,125_ch-49_title.png,-49,title,The Year of Drought,सूखाक बरख    Sūkhāk Barakh,assets/images/0125.png
126,126_ch-49_drought.png,-49,content,"The state and the village, together",The Year of Drought  ·  सूखाक बरख    —    card 1 of 1,assets/images/0126.png
127,127_ch-48_title.png,-48,title,The Voice of Radio and Television,रेडियो आ टेलीविजनक अवाज    Reḍiyo ā Ṭelivijanak Avāj,assets/images/0127.png
128,128_ch-48_radio-tv.png,-48,content,The inner voice amid the outer noise,The Voice of Radio and Television  ·  रेडियो आ टेलीविजनक अवाज    —    card 1 of 1,assets/images/0128.png
129,129_ch-47_title.png,-47,title,The Gulf Market,खाड़ी देशक बजार    Khāṛī Deśak Bajār,assets/images/0129.png
130,130_ch-47_gulf-market.png,-47,content,A new call of the foreign land,The Gulf Market  ·  खाड़ी देशक बजार    —    card 1 of 1,assets/images/0130.png
131,131_ch-46_title.png,-46,title,The Test of Harmony,सद्भावक परीक्षा    Sadbhāvak Parīkṣā,assets/images/0131.png
132,132_ch-46_harmony.png,-46,content,Shared memory against imported division,The Test of Harmony  ·  सद्भावक परीक्षा    —    card 1 of 1,assets/images/0132.png
133,133_ch-45_title.png,-45,title,The Wind of Liberalization,उदारीकरणक हवा    Udārīkaraṇak Havā,assets/images/0133.png
134,134_ch-45_liberalization.png,-45,content,Deepen the root against the fast wind,The Wind of Liberalization  ·  उदारीकरणक हवा    —    card 1 of 1,assets/images/0134.png
135,135_ch-44_title.png,-44,title,The First Computer,पहिल कम्प्यूटर    Pahil Kampyuṭar,assets/images/0135.png
136,136_ch-44_first-computer.png,-44,content,The medium changes; the soul must not,The First Computer  ·  पहिल कम्प्यूटर    —    card 1 of 1,assets/images/0136.png
137,137_ch-43_title.png,-43,title,The Drying River,सुखल होइत धार    Sukhal Hoit Dhār,assets/images/0137.png
138,138_ch-43_drying-river.png,-43,content,"A new crocodile — of water, air, and soil",The Drying River  ·  सुखल होइत धार    —    card 1 of 1,assets/images/0138.png
139,139_ch-42_title.png,-42,title,The Miracle of the Handheld Phone,हाथक फोनक चमत्कार    Hāthak Phonak Camatkār,assets/images/0139.png
140,140_ch-42_mobile-phone.png,-42,content,"The far comes near, the near must not go far",The Miracle of the Handheld Phone  ·  हाथक फोनक चमत्कार    —    card 1 of 1,assets/images/0140.png
141,141_ch-41_title.png,-41,title,The City Market,शहरक बजार    Śaharak Bajār,assets/images/0141.png
142,142_ch-41_city-market.png,-41,content,Go far from the root without cutting it,The City Market  ·  शहरक बजार    —    card 1 of 1,assets/images/0142.png
143,143_ch-40_title.png,-40,title,The Right to Information,सूचनाक अधिकार    Sūcanāk Adhikār,assets/images/0143.png
144,144_ch-40_rti.png,-40,content,Shadow and light become one,The Right to Information  ·  सूचनाक अधिकार    —    card 1 of 1,assets/images/0144.png
145,145_ch-39_title.png,-39,title,The Guarantee of Work,काजक गारंटी    Kājak Gāraṇṭī,assets/images/0145.png
146,146_ch-39_work-guarantee.png,-39,content,A good law needs a constant watch,The Guarantee of Work  ·  काजक गारंटी    —    card 1 of 1,assets/images/0146.png
147,147_ch-38_title.png,-38,title,The Web of the Internet,इंटरनेटक जाल    Iṇṭarneṭak Jāl,assets/images/0147.png
148,148_ch-38_internet-web.png,-38,content,"Gaṅgeśa's four proofs, made a daily necessity",The Web of the Internet  ·  इंटरनेटक जाल    —    card 1 of 1,assets/images/0148.png
149,149_ch-37_title.png,-37,title,The First Shadow of the Screen,स्क्रीनक पहिल छाया    Skrīnak Pahil Chāyā,assets/images/0149.png
150,150_ch-37_screen-shadow.png,-37,content,The ghost of darkness cannot stand in light,The First Shadow of the Screen  ·  स्क्रीनक पहिल छाया    —    card 1 of 1,assets/images/0150.png
151,151_ch-36_title.png,-36,title,The First Footfall of the Unseen Swindler,अनदेखल ठगक पहिल आहट    Andekhal Ṭhagak Pahil Āhaṭ,assets/images/0151.png
152,152_ch-36_unseen-swindler.png,-36,content,"A crocodile with no body, no water",The First Footfall of the Unseen Swindler  ·  अनदेखल ठगक पहिल आहट    —    card 1 of 1,assets/images/0152.png
153,153_ch-35_title.png,-35,title,The Market of Bodies Opens,देहक बजार खुजैत अछि    Dehak Bajār Khujait Achi,assets/images/0153.png
154,154_ch-35_body-market.png,-35,content,The question is the only weapon,The Market of Bodies Opens  ·  देहक बजार खुजैत अछि    —    card 1 of 1,assets/images/0154.png
155,155_ch-34_title.png,-34,title,The Vision of Ujjwal,उज्ज्वलक स्वप्न    Ujjwalak Svapna,assets/images/0155.png
156,156_ch-34_ujjwal-vision.png,-34,content,A name held from the first night,The Vision of Ujjwal  ·  उज्ज्वलक स्वप्न    —    card 1 of 1,assets/images/0156.png
157,157_ch-33_title.png,-33,title,The Shadow of the Lawyer's Coat,वकीलक कोटक छाया    Vakīlak Koṭak Chāyā,assets/images/0157.png
158,158_ch-33_lawyer-shadow.png,-33,content,No one is born guilty,The Shadow of the Lawyer's Coat  ·  वकीलक कोटक छाया    —    card 1 of 1,assets/images/0158.png
159,159_ch-32_title.png,-32,title,The Shadow from Across the Sea,समुद्रपारक साये    Samudrapārak Sāye,assets/images/0159.png
160,160_ch-32_overseas-shadow.png,-32,content,"The crocodile changes water, remains the crocodile",The Shadow from Across the Sea  ·  समुद्रपारक साये    —    card 1 of 1,assets/images/0160.png
161,161_ch-31_title.png,-31,title,Satyavrat's Silence,सत्यव्रतक मौन    Satyavratak Maun,assets/images/0161.png
162,162_ch-31_satyavrat-silence.png,-31,content,When silence becomes injustice,Satyavrat's Silence  ·  सत्यव्रतक मौन    —    card 1 of 1,assets/images/0162.png
163,163_ch-30_title.png,-30,title,Gop Kumar's Document,गोप कुमारक दस्तावेज    Gop Kumārak Dastāvej,assets/images/0163.png
164,164_ch-30_gop-kumar-document.png,-30,content,A bridge across the centuries,Gop Kumar's Document  ·  गोप कुमारक दस्तावेज    —    card 1 of 1,assets/images/0164.png
165,165_ch-29_title.png,-29,title,Chandrapāl's Dream,चन्द्रपालक सपना    Chandrapālak Sapnā,assets/images/0165.png
166,166_ch-29_chandrapal-dream.png,-29,content,The watch that leaves the village bounds,Chandrapāl's Dream  ·  चन्द्रपालक सपना    —    card 1 of 1,assets/images/0166.png
167,167_ch-28_title.png,-28,title,Rāghav's Code,राघवक कोड    Rāghavak Koḍ,assets/images/0167.png
168,168_ch-28_raghav-code.png,-28,content,A sword is neither good nor bad,Rāghav's Code  ·  राघवक कोड    —    card 1 of 1,assets/images/0168.png
169,169_ch-27_title.png,-27,title,Āruṇi's Construction,आरुणिक निर्माण    Āruṇik Nirmāṇ,assets/images/0169.png
170,170_ch-27_aruni-construction.png,-27,content,Building is not enough — keeping alive is,Āruṇi's Construction  ·  आरुणिक निर्माण    —    card 1 of 1,assets/images/0170.png
171,171_ch-26_title.png,-26,title,Devikā's Song,देविकाक गीत    Devikāk Gīt,assets/images/0171.png
172,172_ch-26_devika-song.png,-26,content,A name dwells in a song,Devikā's Song  ·  देविकाक गीत    —    card 1 of 1,assets/images/0172.png
173,173_ch-25_title.png,-25,title,Mīrā's Privacy,मीराक निजता    Mīrāk Nijatā,assets/images/0173.png
174,174_ch-25_mira-privacy.png,-25,content,The right to privacy is the right to the name,Mīrā's Privacy  ·  मीराक निजता    —    card 1 of 1,assets/images/0174.png
175,175_ch-24_title.png,-24,title,Niśānt's Bank,निशांतक बैंक    Niśāntak Baiṅk,assets/images/0175.png
176,176_ch-24_nishant-bank.png,-24,content,Sharing knowledge is real inclusion,Niśānt's Bank  ·  निशांतक बैंक    —    card 1 of 1,assets/images/0176.png
177,177_ch-23_title.png,-23,title,The Birth of Nand,नन्दक जन्म    Nandak Janma,assets/images/0177.png
178,178_ch-23_nand-birth.png,-23,content,The village's next witness,The Birth of Nand  ·  नन्दक जन्म    —    card 1 of 1,assets/images/0178.png
179,179_ch-22_title.png,-22,title,Near Twelve Hundred,बारह सयक निकट    Bārah Sayak Nikaṭ,assets/images/0179.png
180,180_ch-22_twelve-hundred.png,-22,content,"A number, and the tale behind it",Near Twelve Hundred  ·  बारह सयक निकट    —    card 1 of 1,assets/images/0180.png
181,181_ch-21_title.png,-21,title,Ananyā's Question,अनन्याक प्रश्न    Ananyāk Praśna,assets/images/0181.png
182,182_ch-21_ananya-question.png,-21,content,The weapon Nand will need,Ananyā's Question  ·  अनन्याक प्रश्न    —    card 1 of 1,assets/images/0182.png
183,183_ch-20_title.png,-20,title,The First Reckoning of the Plunge,छपाकक पहिल हिसाब    Chapākak Pahil Hisāb,assets/images/0183.png
184,184_ch-20_reckoning-plunge.png,-20,content,The bridge of the name,The First Reckoning of the Plunge  ·  छपाकक पहिल हिसाब    —    card 1 of 1,assets/images/0184.png
185,185_ch-19_title.png,-19,title,Satyavrat's Decision,सत्यव्रतक निर्णय    Satyavratak Nirṇay,assets/images/0185.png
186,186_ch-19_satyavrat-decision.png,-19,content,The evidence must speak,Satyavrat's Decision  ·  सत्यव्रतक निर्णय    —    card 1 of 1,assets/images/0186.png
187,187_ch-18_title.png,-18,title,The Meeting of Ananyā and Nand,अनन्या आ नन्दक भेंट    Ananyā ā Nandak Bheṇṭ,assets/images/0187.png
188,188_ch-18_ananya-nand-meeting.png,-18,content,"Question and construction, joined",The Meeting of Ananyā and Nand  ·  अनन्या आ नन्दक भेंट    —    card 1 of 1,assets/images/0188.png
189,189_ch-17_title.png,-17,title,The Net of the Glass Tower,शीशाक मीनारक जाल    Śīśāk Mīnārak Jāl,assets/images/0189.png
190,190_ch-17_glass-tower-net.png,-17,content,The most terrible crocodile joins many at once,The Net of the Glass Tower  ·  शीशाक मीनारक जाल    —    card 1 of 1,assets/images/0190.png
191,191_ch-16_title.png,-16,title,Baṭuknāth's Final Turn,बटुकनाथक अंतिम मोड़    Baṭuknāthak Antim Moṛ,assets/images/0191.png
192,192_ch-16_batuknath-final-turn.png,-16,content,"The witness holds the guilty name too, in truth",Baṭuknāth's Final Turn  ·  बटुकनाथक अंतिम मोड़    —    card 1 of 1,assets/images/0192.png
193,193_ch-15_title.png,-15,title,Chandrapāl's Account,चन्द्रपालक खाता    Chandrapālak Khātā,assets/images/0193.png
194,194_ch-15_chandrapal-account.png,-15,content,"Each thread isolated, only Būṛhbā sees the whole",Chandrapāl's Account  ·  चन्द्रपालक खाता    —    card 1 of 1,assets/images/0194.png
195,195_ch-14_title.png,-14,title,The Building of the Bridge,पुलक निर्माण    Pulak Nirmāṇ,assets/images/0195.png
196,196_ch-14_bridge-construction.png,-14,content,"Build the bridge, but keep the watch",The Building of the Bridge  ·  पुलक निर्माण    —    card 1 of 1,assets/images/0196.png
197,197_ch-13_title.png,-13,title,Gop Kumar's Compilation,गोप कुमारक संकलन    Gop Kumārak Saṅkalan,assets/images/0197.png
198,198_ch-13_gop-kumar-compilation.png,-13,content,A lamp for the dark moment to come,Gop Kumar's Compilation  ·  गोप कुमारक संकलन    —    card 1 of 1,assets/images/0198.png
199,199_ch-12_title.png,-12,title,The Trembling of the Channā Grove,चन्ना गाछीक कँपकँपी    Channā Gāchīk Kãpkãpī,assets/images/0199.png
200,200_ch-12_grove-tremble.png,-12,content,The witness-grove gives its warning,The Trembling of the Channā Grove  ·  चन्ना गाछीक कँपकँपी    —    card 1 of 1,assets/images/0200.png
201,201_ch-11_title.png,-11,title,Būṛhbā's Last Blessing,बूढ़बाक अन्तिम आशीर्वाद    Būṛhbāk Antim Āśīrvād,assets/images/0201.png
202,202_ch-11_last-blessing.png,-11,content,You will not be alone,Būṛhbā's Last Blessing  ·  बूढ़बाक अन्तिम आशीर्वाद    —    card 1 of 1,assets/images/0202.png
203,203_ch-10_title.png,-10,title,The First Plunge on the Bridge,पुलपर पहिल छपाक    Pulpar Pahil Chapāk,assets/images/0203.png
204,204_ch-10_first-plunge.png,-10,content,He must not die twice,The First Plunge on the Bridge  ·  पुलपर पहिल छपाक    —    card 1 of 1,assets/images/0204.png
205,205_ch-9_title.png,-9,title,The Beginning of the Investigation,जाँचक आरम्भ    Jā̃cak Ārambha,assets/images/0205.png
206,206_ch-9_investigation-begins.png,-9,content,Two threads of one net,The Beginning of the Investigation  ·  जाँचक आरम्भ    —    card 1 of 1,assets/images/0206.png
207,207_ch-8_title.png,-8,title,The Evidence Comes to Light,प्रमाणक बाहर आएब    Pramāṇak Bāhar Āeb,assets/images/0207.png
208,208_ch-8_evidence-to-light.png,-8,content,"Truth is a lamp, not a sun",The Evidence Comes to Light  ·  प्रमाणक बाहर आएब    —    card 1 of 1,assets/images/0208.png
209,209_ch-7_title.png,-7,title,The Experience of the Half-Ghost,आधा-भूतक अनुभव    Ādhā-Bhūtak Anubhav,assets/images/0209.png
210,210_ch-7_half-ghost.png,-7,content,"One foot in the present, one among the names",The Experience of the Half-Ghost  ·  आधा-भूतक अनुभव    —    card 1 of 1,assets/images/0210.png
211,211_ch-6_title.png,-6,title,Gop Kumar's Last Page,गोप कुमारक अन्तिम पन्ना    Gop Kumārak Antim Pannā,assets/images/0211.png
212,212_ch-6_gop-kumar-last-page.png,-6,content,"The witness changes, the tale does not break",Gop Kumar's Last Page  ·  गोप कुमारक अन्तिम पन्ना    —    card 1 of 1,assets/images/0212.png
213,213_ch-5_title.png,-5,title,The Net Exposed,जालक उजागर होएब    Jālak Ujāgar Hoeb,assets/images/0213.png
214,214_ch-5_net-exposed.png,-5,content,An incomplete victory is still a step,The Net Exposed  ·  जालक उजागर होएब    —    card 1 of 1,assets/images/0214.png
215,215_ch-4_title.png,-4,title,The Final List of Names,नामक अन्तिम सूची    Nāmak Antim Sūcī,assets/images/0215.png
216,216_ch-4_final-name-list.png,-4,content,Numbers made names again,The Final List of Names  ·  नामक अन्तिम सूची    —    card 1 of 1,assets/images/0216.png
217,217_ch-3_title.png,-3,title,The Completion of Twelve Hundred Years,बारह सय बरखक पूर्णता    Bārah Say Barakhak Pūrṇatā,assets/images/0217.png
218,218_ch-3_twelve-hundred-complete.png,-3,content,The burden shared by a thousand breaths,The Completion of Twelve Hundred Years  ·  बारह सय बरखक पूर्णता    —    card 1 of 1,assets/images/0218.png
219,219_ch-2_title.png,-2,title,The Vow of the Next Generation,अगिला पीढ़ीक वचन    Agilā Pīṛhīk Vacan,assets/images/0219.png
220,220_ch-2_next-gen-vow.png,-2,content,Every skill joined in one vow,The Vow of the Next Generation  ·  अगिला पीढ़ीक वचन    —    card 1 of 1,assets/images/0220.png
221,221_ch-1_title.png,-1,title,The Final Witness,अन्तिम साक्षी    Antim Sākṣī,assets/images/0221.png
222,222_ch-1_final-witness.png,-1,content,The tale folds into its own telling,The Final Witness  ·  अन्तिम साक्षी    —    card 1 of 1,assets/images/0222.png
223,223_v1ch0_title.png,0,title,Gaṛh Nārikel: A Brief Folk-Prologue,गढ़ नारिकेल: संक्षिप्त लोक-प्रस्तावना    Gaṛh Nārikel: Saṅkṣipt Lok-Prastāvanā,assets/images/0223.png
224,224_v1ch0_living-geography.png,0,content,The village as a living geography,Gaṛh Nārikel: A Brief Folk-Prologue  ·  गढ़ नारिकेल: संक्षिप्त लोक-प्रस्तावना    —    card 1 of 4,assets/images/0224.png
225,225_v1ch0_who-keeps-memory.png,0,content,Who keeps the memory,Gaṛh Nārikel: A Brief Folk-Prologue  ·  गढ़ नारिकेल: संक्षिप्त लोक-प्रस्तावना    —    card 2 of 4,assets/images/0225.png
226,226_v1ch0_tales-and-songs.png,0,content,The tales-and-songs: a cultural map,Gaṛh Nārikel: A Brief Folk-Prologue  ·  गढ़ नारिकेल: संक्षिप्त लोक-प्रस्तावना    —    card 3 of 4,assets/images/0226.png
227,227_v1ch0_dedication-voice.png,0,content,The dedication and the book's own voice,Gaṛh Nārikel: A Brief Folk-Prologue  ·  गढ़ नारिकेल: संक्षिप्त लोक-प्रस्तावना    —    card 4 of 4,assets/images/0227.png
228,228_v1ch1_title.png,1,title,The Kabaddī of the Channā Grove,चन्ना गाछीक कबड्डी    Channā Gāchīk Kabaḍḍī,assets/images/0228.png
229,229_v1ch1_ghost-kabaddi.png,1,content,A lawsuit played by the dead,The Kabaddī of the Channā Grove  ·  चन्ना गाछीक कबड्डी    —    card 1 of 4,assets/images/0229.png
230,230_v1ch1_bridge-first-plunge.png,1,content,The bridge and the first plunge,The Kabaddī of the Channā Grove  ·  चन्ना गाछीक कबड्डी    —    card 2 of 4,assets/images/0230.png
231,231_v1ch1_nand-witness.png,1,content,Nand the witness; the names surface,The Kabaddī of the Channā Grove  ·  चन्ना गाछीक कबड्डी    —    card 3 of 4,assets/images/0231.png
232,232_v1ch1_crocodiles-in-suits.png,1,content,The crocodiles wear suits,The Kabaddī of the Channā Grove  ·  चन्ना गाछीक कबड्डी    —    card 4 of 4,assets/images/0232.png
233,233_v1ch2_title.png,2,title,The Village on the Right Side,दहिन कातक गाम    Dahin Kātak Gām,assets/images/0233.png
234,234_v1ch2_ba-reads-gamchha.png,2,content,The leaf that holds the family's origin,The Village on the Right Side  ·  दहिन कातक गाम    —    card 1 of 3,assets/images/0234.png
235,235_v1ch2_kalit-paper-vs-soil.png,2,content,Kalit's story — paper against soil,The Village on the Right Side  ·  दहिन कातक गाम    —    card 2 of 3,assets/images/0235.png
236,236_v1ch2_first-testimony.png,2,content,Nand's first testimony,The Village on the Right Side  ·  दहिन कातक गाम    —    card 3 of 3,assets/images/0236.png
237,237_v1ch3_title.png,3,title,The Reckoning of the Plunge,छपाकक हिसाब    Chapākak Hisāb,assets/images/0237.png
238,238_v1ch3_footprint-splash-silence.png,3,content,"Footprint, splash, and silence",The Reckoning of the Plunge  ·  छपाकक हिसाब    —    card 1 of 3,assets/images/0238.png
239,239_v1ch3_record-erases-living.png,3,content,The record that erases the living,The Reckoning of the Plunge  ·  छपाकक हिसाब    —    card 2 of 3,assets/images/0239.png
240,240_v1ch3_diary-named.png,3,content,The lights in the water,The Reckoning of the Plunge  ·  छपाकक हिसाब    —    card 3 of 3,assets/images/0240.png
241,241_v1ch4_title.png,4,title,"Thirty Names, Three Hundred Corpses","तीस नाम, तीन सय लाश    Tīs Nām, Tīn Say Lāś",assets/images/0241.png
242,242_v1ch4_object-testifies.png,4,content,The object testifies,"Thirty Names, Three Hundred Corpses  ·  तीस नाम, तीन सय लाश    —    card 1 of 3",assets/images/0242.png
243,243_v1ch4_beauty-that-kills.png,4,content,The beauty that kills,"Thirty Names, Three Hundred Corpses  ·  तीस नाम, तीन सय लाश    —    card 2 of 3",assets/images/0243.png
244,244_v1ch4_village-counts-300.png,4,content,The village counts to three hundred,"Thirty Names, Three Hundred Corpses  ·  तीस नाम, तीन सय लाश    —    card 3 of 3",assets/images/0244.png
245,245_v1ch5_title.png,5,title,The Crocodile of the Date,तारीखक गोहि    Tārīkhak Gohi,assets/images/0245.png
246,246_v1ch5_court-stagnant-pond.png,5,content,The court as a stagnant pond,The Crocodile of the Date  ·  तारीखक गोहि    —    card 1 of 3,assets/images/0246.png
247,247_v1ch5_lawyers-of-delay.png,5,content,The lawyers of delay,The Crocodile of the Date  ·  तारीखक गोहि    —    card 2 of 3,assets/images/0247.png
248,248_v1ch5_memory-outlasts-date.png,5,content,Memory outlasts the date,The Crocodile of the Date  ·  तारीखक गोहि    —    card 3 of 3,assets/images/0248.png
249,249_v1ch6_title.png,6,title,Harvard's Ethics,हार्वर्डक एथिक्स    Hārvarḍak Ethiks,assets/images/0249.png
250,250_v1ch6_ethics-stage.png,6,content,The ethics stage and the leaking water,Harvard's Ethics  ·  हार्वर्डक एथिक्स    —    card 1 of 3,assets/images/0250.png
251,251_v1ch6_four-cities-thread.png,6,content,"Four cities, one thread",Harvard's Ethics  ·  हार्वर्डक एथिक्स    —    card 2 of 3,assets/images/0251.png
252,252_v1ch6_name-crosses-ocean.png,6,content,The name crosses the ocean,Harvard's Ethics  ·  हार्वर्डक एथिक्स    —    card 3 of 3,assets/images/0252.png
253,253_v1ch7_title.png,7,title,The Price of Breath,श्वासक भाव    Śvāsak Bhāv,assets/images/0253.png
254,254_v1ch7_breath-priced.png,7,content,When breath is priced,The Price of Breath  ·  श्वासक भाव    —    card 1 of 3,assets/images/0254.png
255,255_v1ch7_gop-auditor.png,7,content,"Gop Kumar, the auditor",The Price of Breath  ·  श्वासक भाव    —    card 2 of 3,assets/images/0255.png
256,256_v1ch7_paper-that-breathes.png,7,content,The paper that breathes,The Price of Breath  ·  श्वासक भाव    —    card 3 of 3,assets/images/0256.png
257,257_v1ch8_title.png,8,title,The Crocodile of the Screen,स्क्रीनक गोहि    Skrīnak Gohi,assets/images/0257.png
258,258_v1ch8_eats-the-future.png,8,content,The crocodile that eats the future,The Crocodile of the Screen  ·  स्क्रीनक गोहि    —    card 1 of 3,assets/images/0258.png
259,259_v1ch8_net-tightens.png,8,content,The net tightens,The Crocodile of the Screen  ·  स्क्रीनक गोहि    —    card 2 of 3,assets/images/0259.png
260,260_v1ch8_not-a-thief.png,8,content,"""I am not a thief""",The Crocodile of the Screen  ·  स्क्रीनक गोहि    —    card 3 of 3,assets/images/0260.png
261,261_v1ch9_title.png,9,title,The Market of the Body,देहक बाजार    Dehak Bāzār,assets/images/0261.png
262,262_v1ch9_fear-of-body-sold.png,9,content,The fear of the body is sold,The Market of the Body  ·  देहक बाजार    —    card 1 of 3,assets/images/0262.png
263,263_v1ch9_my-name-phulmati.png,9,content,"""My name is Phūlmati""",The Market of the Body  ·  देहक बाजार    —    card 2 of 3,assets/images/0263.png
264,264_v1ch9_name-returns.png,9,content,The name returns,The Market of the Body  ·  देहक बाजार    —    card 3 of 3,assets/images/0264.png
265,265_v1ch10_title.png,10,title,The Blackmail of Privacy,निजताक ब्लैकमेल    Nijatāk Blaikmel,assets/images/0265.png
266,266_v1ch10_weapon-of-privacy.png,10,content,The weapon of privacy,The Blackmail of Privacy  ·  निजताक ब्लैकमेल    —    card 1 of 2,assets/images/0266.png
267,267_v1ch10_name-not-silenced.png,10,content,The name that will not be silenced,The Blackmail of Privacy  ·  निजताक ब्लैकमेल    —    card 2 of 2,assets/images/0267.png
268,268_v1ch11_title.png,11,title,The Black River of Money,धनक कारी नदी    Dhanak Kārī Nadī,assets/images/0268.png
269,269_v1ch11_water-fire-crocodile.png,11,content,"Water, fire, and crocodile",The Black River of Money  ·  धनक कारी नदी    —    card 1 of 3,assets/images/0269.png
270,270_v1ch11_one-owner-of-fear.png,11,content,One owner of the fear,The Black River of Money  ·  धनक कारी नदी    —    card 2 of 3,assets/images/0270.png
271,271_v1ch11_evidence-reaches-satyavrat.png,11,content,The evidence reaches Satyavrat,The Black River of Money  ·  धनक कारी नदी    —    card 3 of 3,assets/images/0271.png
272,272_v1ch12_title.png,12,title,The Coconut Leaf on the Dark Web,डार्क-जालपर नारिकेल पात    Ḍārk-Jālpar Nārikel Pāt,assets/images/0272.png
273,273_v1ch12_leaf-on-dark-web.png,12,content,The leaf on the dark web,The Coconut Leaf on the Dark Web  ·  डार्क-जालपर नारिकेल पात    —    card 1 of 2,assets/images/0273.png
274,274_v1ch12_truth-on-the-road.png,12,content,Truth on the road,The Coconut Leaf on the Dark Web  ·  डार्क-जालपर नारिकेल पात    —    card 2 of 2,assets/images/0274.png
275,275_v1ch13_title.png,13,title,The Sealed Cover,सीलबन्द आवरण    Sīlband Āvaraṇ,assets/images/0275.png
276,276_v1ch13_date-releases-water.png,13,content,The date that releases water,The Sealed Cover  ·  सीलबन्द आवरण    —    card 1 of 3,assets/images/0276.png
277,277_v1ch13_not-record-a-falsehood.png,13,content,"Not a record, a falsehood",The Sealed Cover  ·  सीलबन्द आवरण    —    card 2 of 3,assets/images/0277.png
278,278_v1ch13_names-are-read.png,13,content,The names are read,The Sealed Cover  ·  सीलबन्द आवरण    —    card 3 of 3,assets/images/0278.png
279,279_v1ch14_title.png,14,title,The Road Home,घर घुरबाक रस्ता    Ghar Ghurbāk Rastā,assets/images/0279.png
280,280_v1ch14_name-comes-home.png,14,content,The name comes home,The Road Home  ·  घर घुरबाक रस्ता    —    card 1 of 2,assets/images/0280.png
281,281_v1ch14_planting-of-testimony.png,14,content,The planting of testimony,The Road Home  ·  घर घुरबाक रस्ता    —    card 2 of 2,assets/images/0281.png
282,282_v1ch15_title.png,15,title,The Water of the Name,नामक जल    Nāmak Jal,assets/images/0282.png
283,283_v1ch15_leaf-as-prasad.png,15,content,The leaf as prasād,The Water of the Name  ·  नामक जल    —    card 1 of 3,assets/images/0283.png
284,284_v1ch15_two-continents-one-voice.png,15,content,"Two continents, one voice",The Water of the Name  ·  नामक जल    —    card 2 of 3,assets/images/0284.png
285,285_v1ch15_seven-days-not-fifteen.png,15,content,"Seven days, not fifteen",The Water of the Name  ·  नामक जल    —    card 3 of 3,assets/images/0285.png
286,286_v1ch16_title.png,16,title,The Court of the Channā Grove,चन्ना गाछीक अदालत    Channā Gāchīk Adālat,assets/images/0286.png
287,287_v1ch16_grove-court-convenes.png,16,content,The court of the grove convenes,The Court of the Channā Grove  ·  चन्ना गाछीक अदालत    —    card 1 of 3,assets/images/0287.png
288,288_v1ch16_dead-give-testimony.png,16,content,The dead give testimony,The Court of the Channā Grove  ·  चन्ना गाछीक अदालत    —    card 2 of 3,assets/images/0288.png
289,289_v1ch16_memory-verdict.png,16,content,The memory-verdict,The Court of the Channā Grove  ·  चन्ना गाछीक अदालत    —    card 3 of 3,assets/images/0289.png
290,290_v1ch17_title.png,17,title,The Grief of Victory,जीतक शोक    Jītak Śok,assets/images/0290.png
291,291_v1ch17_empty-field.png,17,content,The empty field,The Grief of Victory  ·  जीतक शोक    —    card 1 of 2,assets/images/0291.png
292,292_v1ch17_history-on-water.png,17,content,History on water,The Grief of Victory  ·  जीतक शोक    —    card 2 of 2,assets/images/0292.png
293,293_v1ch18_title.png,18,title,The Empty Court,खाली अदालत    Khālī Adālat,assets/images/0293.png
294,294_v1ch18_empty-column.png,18,content,The empty column,The Empty Court  ·  खाली अदालत    —    card 1 of 2,assets/images/0294.png
295,295_v1ch18_peoples-court.png,18,content,The people's court,The Empty Court  ·  खाली अदालत    —    card 2 of 2,assets/images/0295.png
296,296_v1ch19_title.png,19,title,The Record of the Name,नामक अभिलेख    Nāmak Abhilekh,assets/images/0296.png
297,297_v1ch19_chest-written-outside.png,19,content,"The chest, written outside",The Record of the Name  ·  नामक अभिलेख    —    card 1 of 3,assets/images/0297.png
298,298_v1ch19_four-rules.png,19,content,The four rules,The Record of the Name  ·  नामक अभिलेख    —    card 2 of 3,assets/images/0298.png
299,299_v1ch19_i-am-present.png,19,content,I am present,The Record of the Name  ·  नामक अभिलेख    —    card 3 of 3,assets/images/0299.png
300,300_v1ch20_title.png,20,title,The School Against the Screen,स्क्रीनक विरुद्ध पाठशाला    Skrīnak Viruddha Pāṭhśālā,assets/images/0300.png
301,301_v1ch20_crocodile-in-screen.png,20,content,The crocodile in the screen,The School Against the Screen  ·  स्क्रीनक विरुद्ध पाठशाला    —    card 1 of 3,assets/images/0301.png
302,302_v1ch20_four-legs.png,20,content,The four legs,The School Against the Screen  ·  स्क्रीनक विरुद्ध पाठशाला    —    card 2 of 3,assets/images/0302.png
303,303_v1ch20_youre-not-alone.png,20,content,"""You're not alone, are you?""",The School Against the Screen  ·  स्क्रीनक विरुद्ध पाठशाला    —    card 3 of 3,assets/images/0303.png
304,304_v1ch21_title.png,21,title,The Oath of Privacy,निजताक शपथ    Nijatāk Śapath,assets/images/0304.png
305,305_v1ch21_peace-from-within.png,21,content,Peace grows from within,The Oath of Privacy  ·  निजताक शपथ    —    card 1 of 3,assets/images/0305.png
306,306_v1ch21_i-am-not-guilty.png,21,content,I am not guilty,The Oath of Privacy  ·  निजताक शपथ    —    card 2 of 3,assets/images/0306.png
307,307_v1ch21_support-becomes-society.png,21,content,Support becomes society,The Oath of Privacy  ·  निजताक शपथ    —    card 3 of 3,assets/images/0307.png
308,308_v1ch22_title.png,22,title,Harvard's Second Speech,हार्वर्डक दोसर भाषण    Hārvarḍak Dosar Bhāṣaṇ,assets/images/0308.png
309,309_v1ch22_name-crosses-ocean.png,22,content,The name crosses the ocean,Harvard's Second Speech  ·  हार्वर्डक दोसर भाषण    —    card 1 of 2,assets/images/0309.png
310,310_v1ch22_empty-stage-speaks.png,22,content,The empty stage speaks,Harvard's Second Speech  ·  हार्वर्डक दोसर भाषण    —    card 2 of 2,assets/images/0310.png
311,311_v1ch23_title.png,23,title,Baṭuknāth's Search,बटुकनाथक खोज    Baṭuknāthak Khoj,assets/images/0311.png
312,312_v1ch23_empty-door.png,23,content,The empty door,Baṭuknāth's Search  ·  बटुकनाथक खोज    —    card 1 of 3,assets/images/0312.png
313,313_v1ch23_different-language.png,23,content,A different language,Baṭuknāth's Search  ·  बटुकनाथक खोज    —    card 2 of 3,assets/images/0313.png
314,314_v1ch23_free-not-defeated.png,23,content,"Free, not defeated",Baṭuknāth's Search  ·  बटुकनाथक खोज    —    card 3 of 3,assets/images/0314.png
315,315_v1ch24_title.png,24,title,The Novel Begins Again,उपन्यास फेर शुरू    Upanyās Pher Śurū,assets/images/0315.png
316,316_v1ch24_the-reversal.png,24,content,The reversal,The Novel Begins Again  ·  उपन्यास फेर शुरू    —    card 1 of 3,assets/images/0316.png
317,317_v1ch24_memory-has-no-owner.png,24,content,Memory has no owner,The Novel Begins Again  ·  उपन्यास फेर शुरू    —    card 2 of 3,assets/images/0317.png
318,318_v1ch24_novel-begins-again.png,24,content,The novel begins again,The Novel Begins Again  ·  उपन्यास फेर शुरू    —    card 3 of 3,assets/images/0318.png
319,319_v1ch25_title.png,25,title,The Mind Hung,मोन टांगल    Mon Ṭāṅgal,assets/images/0319.png
320,320_v1ch25_dust-that-speaks.png,25,content,The dust that speaks,The Mind Hung  ·  मोन टांगल    —    card 1 of 3,assets/images/0320.png
321,321_v1ch25_buy-the-name.png,25,content,Buy the name,The Mind Hung  ·  मोन टांगल    —    card 2 of 3,assets/images/0321.png
322,322_v1ch25_the-mind-is-hung.png,25,content,The mind is hung,The Mind Hung  ·  मोन टांगल    —    card 3 of 3,assets/images/0322.png
323,323_v1ch26_title.png,26,title,Baṭuknāth Hariharan's Journey,बटुकनाथ हरिहरनक यात्रा    Baṭuknāth Hariharanak Yātrā,assets/images/0323.png
324,324_v1ch26_rail-not-helicopter.png,26,content,"The rail, not the helicopter",Baṭuknāth Hariharan's Journey  ·  बटुकनाथ हरिहरनक यात्रा    —    card 1 of 3,assets/images/0324.png
325,325_v1ch26_have-you-read-names.png,26,content,Have you read names?,Baṭuknāth Hariharan's Journey  ·  बटुकनाथ हरिहरनक यात्रा    —    card 2 of 3,assets/images/0325.png
326,326_v1ch26_take-off-arrogance.png,26,content,Take off your arrogance,Baṭuknāth Hariharan's Journey  ·  बटुकनाथ हरिहरनक यात्रा    —    card 3 of 3,assets/images/0326.png
327,327_v1ch27_title.png,27,title,Chandrapāl Batra's Screen,चन्द्रपाल बत्राक स्क्रीन    Chandrapāl Batrāk Skrīn,assets/images/0327.png
328,328_v1ch27_net-not-office.png,27,content,"The net, not the office",Chandrapāl Batra's Screen  ·  चन्द्रपाल बत्राक स्क्रीन    —    card 1 of 3,assets/images/0328.png
329,329_v1ch27_compliance-mask.png,27,content,The compliance mask,Chandrapāl Batra's Screen  ·  चन्द्रपाल बत्राक स्क्रीन    —    card 2 of 3,assets/images/0329.png
330,330_v1ch27_effect-not-definition.png,27,content,"The effect, not the definition",Chandrapāl Batra's Screen  ·  चन्द्रपाल बत्राक स्क्रीन    —    card 3 of 3,assets/images/0330.png
331,331_v1ch28_title.png,28,title,Rāghav Signal's Silence,राघव सिग्नलक चुप्पी    Rāghav Signalak Chuppī,assets/images/0331.png
332,332_v1ch28_route-falls-silent.png,28,content,The route falls silent,Rāghav Signal's Silence  ·  राघव सिग्नलक चुप्पी    —    card 1 of 2,assets/images/0332.png
333,333_v1ch28_account-clean.png,28,content,The account clean,Rāghav Signal's Silence  ·  राघव सिग्नलक चुप्पी    —    card 2 of 2,assets/images/0333.png
334,334_v1ch29_title.png,29,title,Lau Kin-hang's Dream,लाउ किन-हंगक सपना    Lau Kin-hangak Sapnā,assets/images/0334.png
335,335_v1ch29_glass-cave.png,29,content,The glass cave,Lau Kin-hang's Dream  ·  लाउ किन-हंगक सपना    —    card 1 of 2,assets/images/0335.png
336,336_v1ch29_missing-column.png,29,content,The missing column,Lau Kin-hang's Dream  ·  लाउ किन-हंगक सपना    —    card 2 of 2,assets/images/0336.png
337,337_v1ch30_title.png,30,title,The Inner Court of the Crooks,धूर्त सभक भीतरक अदालत    Dhūrt Sabhak Bhītarak Adālat,assets/images/0337.png
338,338_v1ch30_court-no-summons.png,30,content,The court that needs no summons,The Inner Court of the Crooks  ·  धूर्त सभक भीतरक अदालत    —    card 1 of 2,assets/images/0338.png
339,339_v1ch30_empty-chair.png,30,content,The empty chair,The Inner Court of the Crooks  ·  धूर्त सभक भीतरक अदालत    —    card 2 of 2,assets/images/0339.png
340,340_v1ch31_title.png,31,title,The Work of the Defeated,हारल लोक सभक काज    Hāral Lok Sabhak Kāj,assets/images/0340.png
341,341_v1ch31_no-slogan-no-flag.png,31,content,"No slogan, no flag",The Work of the Defeated  ·  हारल लोक सभक काज    —    card 1 of 3,assets/images/0341.png
342,342_v1ch31_paper-peoples-tongue.png,31,content,Paper in the people's tongue,The Work of the Defeated  ·  हारल लोक सभक काज    —    card 2 of 3,assets/images/0342.png
343,343_v1ch31_making-justice.png,31,content,Making justice,The Work of the Defeated  ·  हारल लोक सभक काज    —    card 3 of 3,assets/images/0343.png
344,344_v1ch32_title.png,32,title,The Third Kabaddī,तेसर कबड्डी    Tesar Kabaḍḍī,assets/images/0344.png
345,345_v1ch32_three-teams-three-breaths.png,32,content,"Three teams, three breaths",The Third Kabaddī  ·  तेसर कबड्डी    —    card 1 of 2,assets/images/0345.png
346,346_v1ch32_word-left-behind.png,32,content,The word left behind,The Third Kabaddī  ·  तेसर कबड्डी    —    card 2 of 2,assets/images/0346.png
347,347_v1ch33_title.png,33,title,The Test of the Mind,मोनक परीक्षा    Monak Parīkṣā,assets/images/0347.png
348,348_v1ch33_mind-not-body.png,33,content,"The mind, not the body",The Test of the Mind  ·  मोनक परीक्षा    —    card 1 of 2,assets/images/0348.png
349,349_v1ch33_the-inversion.png,33,content,The inversion,The Test of the Mind  ·  मोनक परीक्षा    —    card 2 of 2,assets/images/0349.png
350,350_v1ch34_title.png,34,title,The Listening River,सुनैत नदी    Sunait Nadī,assets/images/0350.png
351,351_v1ch34_listening-river.png,34,content,The listening river,The Listening River  ·  सुनैत नदी    —    card 1 of 2,assets/images/0351.png
352,352_v1ch34_names-heat.png,34,content,The name's heat,The Listening River  ·  सुनैत नदी    —    card 2 of 2,assets/images/0352.png
353,353_v1ch35_title.png,35,title,The Threshold of the Name,नामक देहरी    Nāmak Dehrī,assets/images/0353.png
354,354_v1ch35_name-walks-ahead.png,35,content,The name walks ahead,The Threshold of the Name  ·  नामक देहरी    —    card 1 of 2,assets/images/0354.png
355,355_v1ch35_dust-in-the-eyes.png,35,content,The dust in the eyes,The Threshold of the Name  ·  नामक देहरी    —    card 2 of 2,assets/images/0355.png
356,356_v1ch36_title.png,36,title,"Home, Fear, Dream","घर, भय, सपना    Ghar, Bhay, Sapnā",assets/images/0356.png
357,357_v1ch36_home-and-fear.png,36,content,Home and fear,"Home, Fear, Dream  ·  घर, भय, सपना    —    card 1 of 2",assets/images/0357.png
358,358_v1ch36_dream-three-pebbles.png,36,content,"The dream, and the three pebbles","Home, Fear, Dream  ·  घर, भय, सपना    —    card 2 of 2",assets/images/0358.png
359,359_v1ch37_title.png,37,title,Three Pebbles,तीन कंकड़    Tīn Kaṅkaṛ,assets/images/0359.png
360,360_v1ch37_where-is-my-home.png,37,content,Where is my home?,Three Pebbles  ·  तीन कंकड़    —    card 1 of 2,assets/images/0360.png
361,361_v1ch37_read-the-root.png,37,content,"Read the root, not the face",Three Pebbles  ·  तीन कंकड़    —    card 2 of 2,assets/images/0361.png
362,362_v1ch38_title.png,38,title,The Pronouncing of the Name,नामक उच्चारण    Nāmak Uccāraṇ,assets/images/0362.png
363,363_v1ch38_written-name-read-name.png,38,content,"The written name, the read name",The Pronouncing of the Name  ·  नामक उच्चारण    —    card 1 of 3,assets/images/0363.png
364,364_v1ch38_law-three-leaves.png,38,content,The Law of the Three Leaves,The Pronouncing of the Name  ·  नामक उच्चारण    —    card 2 of 3,assets/images/0364.png
365,365_v1ch38_punishment-of-name.png,38,content,The punishment of the name,The Pronouncing of the Name  ·  नामक उच्चारण    —    card 3 of 3,assets/images/0365.png
366,366_v1ch39_title.png,39,title,The Peace of the Seed,बीजक शान्ति    Bījak Śānti,assets/images/0366.png
367,367_v1ch39_peace-of-the-seed.png,39,content,The peace of the seed,The Peace of the Seed  ·  बीजक शान्ति    —    card 1 of 2,assets/images/0367.png
368,368_v1ch39_water-into-the-burrow.png,39,content,Water into the burrow,The Peace of the Seed  ·  बीजक शान्ति    —    card 2 of 2,assets/images/0368.png
369,369_v1ch40_title.png,40,title,The Letter of the Dew,ओसक अक्षर    Osak Akṣar,assets/images/0369.png
370,370_v1ch40_letter-of-the-dew.png,40,content,The letter of the dew,The Letter of the Dew  ·  ओसक अक्षर    —    card 1 of 3,assets/images/0370.png
371,371_v1ch40_object-and-relic.png,40,content,The object and the relic,The Letter of the Dew  ·  ओसक अक्षर    —    card 2 of 3,assets/images/0371.png
372,372_v1ch40_reading-the-route.png,40,content,Reading the route,The Letter of the Dew  ·  ओसक अक्षर    —    card 3 of 3,assets/images/0372.png
373,373_v1ch41_title.png,41,title,The Boat of the Name,नामक नाव    Nāmak Nāv,assets/images/0373.png
374,374_v1ch41_boat-in-the-current.png,41,content,The boat in the current,The Boat of the Name  ·  नामक नाव    —    card 1 of 2,assets/images/0374.png
375,375_v1ch41_at-which-turn.png,41,content,At which turn?,The Boat of the Name  ·  नामक नाव    —    card 2 of 2,assets/images/0375.png
376,376_v1ch42_title.png,42,title,The Circle of the Weight,भारक वृत्त    Bhārak Vṛtt,assets/images/0376.png
377,377_v1ch42_punishment-vs-weight.png,42,content,"Punishment from above, weight from within",The Circle of the Weight  ·  भारक वृत्त    —    card 1 of 2,assets/images/0377.png
378,378_v1ch42_share-grief-into-work.png,42,content,"The share, and grief into work",The Circle of the Weight  ·  भारक वृत्त    —    card 2 of 2,assets/images/0378.png
379,379_v1ch43_title.png,43,title,The Walking Weight,चलैत भार    Calait Bhār,assets/images/0379.png
380,380_v1ch43_the-weight-walks.png,43,content,The weight walks,The Walking Weight  ·  चलैत भार    —    card 1 of 2,assets/images/0380.png
381,381_v1ch43_beware-the-word-win.png,43,content,"Beware the word ""win""",The Walking Weight  ·  चलैत भार    —    card 2 of 2,assets/images/0381.png
382,382_v1ch44_title.png,44,title,The Great-granddaughter's Notebook,पोतीक कापी    Potīk Kāpī,assets/images/0382.png
383,383_v1ch44_fear-in-the-notebook.png,44,note,Fear in the notebook,The Great-granddaughter's Notebook  ·  पोतीक कापी    —    card 1 of 2,assets/images/0383.png
384,384_v1ch44_the-one-word-whose.png,44,content,The one word: whose?,The Great-granddaughter's Notebook  ·  पोतीक कापी    —    card 2 of 2,assets/images/0384.png
385,385_v1ch45_title.png,45,title,The Inner Air,भीतरक हवा    Bhītarak Havā,assets/images/0385.png
386,386_v1ch45_door-wont-stay-shut.png,45,content,The door won't stay shut,The Inner Air  ·  भीतरक हवा    —    card 1 of 2,assets/images/0386.png
387,387_v1ch45_name-not-profit.png,45,content,"The name, not the profit",The Inner Air  ·  भीतरक हवा    —    card 2 of 2,assets/images/0387.png
388,388_v1ch46_title.png,46,title,The Dark of Inheritance,उत्तराधिकारक अन्हार    Uttarādhikārak Anhār,assets/images/0388.png
389,389_v1ch46_dark-behind-the-shine.png,46,content,The dark behind the shine,The Dark of Inheritance  ·  उत्तराधिकारक अन्हार    —    card 1 of 2,assets/images/0389.png
390,390_v1ch46_choice-not-refusal.png,46,content,"Choice, not refusal",The Dark of Inheritance  ·  उत्तराधिकारक अन्हार    —    card 2 of 2,assets/images/0390.png
391,391_v1ch47_title.png,47,title,The Elephant and the Crocodile,गज-ग्राह आख्यान    Gaja-Grāha Ākhyān,assets/images/0391.png
392,392_v1ch47_elephant-crocodile-game.png,47,content,The elephant-crocodile game,The Elephant and the Crocodile  ·  गज-ग्राह आख्यान    —    card 1 of 2,assets/images/0392.png
393,393_v1ch47_witness-not-the-god.png,47,content,"The witness, not the god",The Elephant and the Crocodile  ·  गज-ग्राह आख्यान    —    card 2 of 2,assets/images/0393.png
394,394_v1ch48_title.png,48,title,The Call,पुकार    Pukār,assets/images/0394.png
395,395_v1ch48_the-empty-bowl.png,48,content,The empty bowl,The Call  ·  पुकार    —    card 1 of 2,assets/images/0395.png
396,396_v1ch48_one-who-came-to-listen.png,48,content,The one who came to listen,The Call  ·  पुकार    —    card 2 of 2,assets/images/0396.png
397,397_v1ch49_title.png,49,title,The Record of Silence,मौनक अभिलेख    Maunak Abhilekh,assets/images/0397.png
398,398_v1ch49_debt-of-listening.png,49,content,The debt of listening,The Record of Silence  ·  मौनक अभिलेख    —    card 1 of 3,assets/images/0398.png
399,399_v1ch49_record-of-silence.png,49,content,The record of silence,The Record of Silence  ·  मौनक अभिलेख    —    card 2 of 3,assets/images/0399.png
400,400_v1ch49_who-reads-who-listens.png,49,content,"Who reads, who listens",The Record of Silence  ·  मौनक अभिलेख    —    card 3 of 3,assets/images/0400.png
401,401_v1ch50_title.png,50,title,The Name After the Body,देहक बादक नाम    Dehak Bādak Nām,assets/images/0401.png
402,402_v1ch50_the-inner-crocodile.png,50,content,The inner crocodile,The Name After the Body  ·  देहक बादक नाम    —    card 1 of 2,assets/images/0402.png
403,403_v1ch50_body-gone-name-seeking-root.png,50,content,"The body gone, the name seeking a root",The Name After the Body  ·  देहक बादक नाम    —    card 2 of 2,assets/images/0403.png
404,404_v1ch51_title.png,51,title,The Weight of the Witness,साक्षीक भार    Sākṣīk Bhār,assets/images/0404.png
405,405_v1ch51_weighed-on-the-chest.png,51,content,Weighed on the chest,The Weight of the Witness  ·  साक्षीक भार    —    card 1 of 2,assets/images/0405.png
406,406_v1ch51_the-witness-letter.png,51,content,The witness-letter,The Weight of the Witness  ·  साक्षीक भार    —    card 2 of 2,assets/images/0406.png
407,407_v1ch52_title.png,52,title,The Next Voice,अगिला आवाज    Agilā Āvāj,assets/images/0407.png
408,408_v1ch52_the-grove-cut-down.png,52,content,The grove cut down,The Next Voice  ·  अगिला आवाज    —    card 1 of 2,assets/images/0408.png
409,409_v1ch52_the-guarding-is-ours.png,52,content,The guarding is ours,The Next Voice  ·  अगिला आवाज    —    card 2 of 2,assets/images/0409.png
410,410_v1ch53_title.png,53,title,The Dawn After the Cutting,कटानक बादक बिहान    Kaṭānak Bādak Bihān,assets/images/0410.png
411,411_v1ch53_stump-faces-the-sun.png,53,content,The stump faces the sun,The Dawn After the Cutting  ·  कटानक बादक बिहान    —    card 1 of 2,assets/images/0411.png
412,412_v1ch53_market-comes-sniffing.png,53,content,The market comes sniffing,The Dawn After the Cutting  ·  कटानक बादक बिहान    —    card 2 of 2,assets/images/0412.png
413,413_v1ch54_title.png,54,title,Around the Stump,ठूँठक चारू कात    Ṭhūṇṭhak Cārū Kāt,assets/images/0413.png
414,414_v1ch54_circle-around-the-stump.png,54,content,The circle around the stump,Around the Stump  ·  ठूँठक चारू कात    —    card 1 of 2,assets/images/0414.png
415,415_v1ch54_yellow-envelope-waits.png,54,content,The yellow envelope waits,Around the Stump  ·  ठूँठक चारू कात    —    card 2 of 2,assets/images/0415.png
416,416_v1ch55_title.png,55,title,The Municipality's Yellow Notice,नगरपालिकाक पीयर सूचना-पत्र    Nagarpālikāk Pīyar Sūcanā-patra,assets/images/0416.png
417,417_v1ch55_papers-smooth-language.png,55,content,The paper's smooth language,The Municipality's Yellow Notice  ·  नगरपालिकाक पीयर सूचना-पत्र    —    card 1 of 2,assets/images/0417.png
418,418_v1ch55_people-answer-the-paper.png,55,content,The people answer the paper,The Municipality's Yellow Notice  ·  नगरपालिकाक पीयर सूचना-पत्र    —    card 2 of 2,assets/images/0418.png
419,419_v1ch56_title.png,56,title,The First Map of Memory,स्मृतिक पहिल नक्शा    Smṛtik Pahil Nakśā,assets/images/0419.png
420,420_v1ch56_the-filled-place.png,56,content,The filled place,The First Map of Memory  ·  स्मृतिक पहिल नक्शा    —    card 1 of 2,assets/images/0420.png
421,421_v1ch56_memory-isnt-folded.png,56,content,Memory isn't folded,The First Map of Memory  ·  स्मृतिक पहिल नक्शा    —    card 2 of 2,assets/images/0421.png
422,422_v1ch57_title.png,57,title,Gaṅgeśa's Question,गंगेशक प्रश्न    Gaṅgeśak Praśna,assets/images/0422.png
423,423_v1ch57_no-trust-without-justice.png,57,content,No trust without justice,Gaṅgeśa's Question  ·  गंगेशक प्रश्न    —    card 1 of 2,assets/images/0423.png
424,424_v1ch57_gangesa-and-memory-murder.png,57,content,Gaṅgeśa and memory-murder,Gaṅgeśa's Question  ·  गंगेशक प्रश्न    —    card 2 of 2,assets/images/0424.png
425,425_v1ch58_title.png,58,title,Chandrapal's Memorial App,चन्द्रपालक स्मारक-अनुप्रयोग    Candrapālak Smārak-Anuprayog,assets/images/0425.png
426,426_v1ch58_tribute-becomes-an-app.png,58,appendix,The tribute becomes an app,Chandrapal's Memorial App  ·  चन्द्रपालक स्मारक-अनुप्रयोग    —    card 1 of 2,assets/images/0426.png
427,427_v1ch58_the-four-crocodiles.png,58,content,The four crocodiles,Chandrapal's Memorial App  ·  चन्द्रपालक स्मारक-अनुप्रयोग    —    card 2 of 2,assets/images/0427.png
428,428_v1ch59_title.png,59,title,Rāghav Signal's New Code,राघव सिग्नलक नव कोड    Rāghav Signalak Nav Koḍ,assets/images/0428.png
429,429_v1ch59_scripture-on-erased-screen.png,59,content,The scripture on the erased screen,Rāghav Signal's New Code  ·  राघव सिग्नलक नव कोड    —    card 1 of 2,assets/images/0429.png
430,430_v1ch59_the-collective-ear.png,59,content,The collective ear,Rāghav Signal's New Code  ·  राघव सिग्नलक नव कोड    —    card 2 of 2,assets/images/0430.png
431,431_v1ch60_title.png,60,title,Satyavrat Mehta's Second Silence,सत्यव्रत मेहताक दोसर मौन    Satyavrat Mehtāk Dosar Maun,assets/images/0431.png
432,432_v1ch60_the-two-silences.png,60,content,The two silences,Satyavrat Mehta's Second Silence  ·  सत्यव्रत मेहताक दोसर मौन    —    card 1 of 2,assets/images/0432.png
433,433_v1ch60_proposal-answers-before-name.png,60,content,The proposal answers before the name,Satyavrat Mehta's Second Silence  ·  सत्यव्रत मेहताक दोसर मौन    —    card 2 of 2,assets/images/0433.png
434,434_v1ch61_title.png,61,title,The First Name-Festival,पहिल नाम-उत्सव    Pahil Nām-Utsav,assets/images/0434.png
435,435_v1ch61_no-drums-the-name.png,61,content,"No drums, the name",The First Name-Festival  ·  पहिल नाम-उत्सव    —    card 1 of 2,assets/images/0435.png
436,436_v1ch61_essence-first-lineage-after.png,61,content,"Essence first, lineage after",The First Name-Festival  ·  पहिल नाम-उत्सव    —    card 2 of 2,assets/images/0436.png
437,437_v1ch62_title.png,62,title,The Green Point in the Stump,ठूँठमे हरियर बिंदु    Ṭhūṇṭhme Hariyar Bindu,assets/images/0437.png
438,438_v1ch62_stubborn-flame-green-point.png,62,content,"The stubborn flame, the green point",The Green Point in the Stump  ·  ठूँठमे हरियर बिंदु    —    card 1 of 2,assets/images/0438.png
439,439_v1ch62_market-eyes-the-bud.png,62,content,The market eyes the bud,The Green Point in the Stump  ·  ठूँठमे हरियर बिंदु    —    card 2 of 2,assets/images/0439.png
440,440_v1ch63_title.png,63,title,The Gaṛh Nārikel Heritage-Project,गढ़ नारिकेल विरासत-परियोजना    Gaṛh Nārikel Virāsat-Pariyojanā,assets/images/0440.png
441,441_v1ch63_cars-come-without-shame.png,63,content,The cars come without shame,The Gaṛh Nārikel Heritage-Project  ·  गढ़ नारिकेल विरासत-परियोजना    —    card 1 of 2,assets/images/0441.png
442,442_v1ch63_a-tender-on-memory.png,63,content,A tender on memory,The Gaṛh Nārikel Heritage-Project  ·  गढ़ नारिकेल विरासत-परियोजना    —    card 2 of 2,assets/images/0442.png
443,443_v1ch64_title.png,64,title,Tender on Memory,स्मृति पर निविदा    Smṛti par Nividā,assets/images/0443.png
444,444_v1ch64_grief-goes-to-contract.png,64,content,Grief goes to contract,Tender on Memory  ·  स्मृति पर निविदा    —    card 1 of 2,assets/images/0444.png
445,445_v1ch64_the-market-map.png,64,content,The market-map,Tender on Memory  ·  स्मृति पर निविदा    —    card 2 of 2,assets/images/0445.png
446,446_v1ch65_title.png,65,title,Broom's Return,ब्रूमक पुनरागमन    Broomak Punarāgaman,assets/images/0446.png
447,447_v1ch65_name-new-owner-old.png,65,content,"The name new, the owner old",Broom's Return  ·  ब्रूमक पुनरागमन    —    card 1 of 2,assets/images/0447.png
448,448_v1ch65_a-second-death.png,65,content,A second death,Broom's Return  ·  ब्रूमक पुनरागमन    —    card 2 of 2,assets/images/0448.png
449,449_v1ch66_title.png,66,title,The Harvard Research-Team,हार्वर्डक शोध-दल    Hārvarḍak Śodh-dal,assets/images/0449.png
450,450_v1ch66_first-name-guidance-later.png,66,content,"First the name, guidance later",The Harvard Research-Team  ·  हार्वर्डक शोध-दल    —    card 1 of 2,assets/images/0450.png
451,451_v1ch66_gaze-in-the-dock.png,66,content,The gaze in the dock,The Harvard Research-Team  ·  हार्वर्डक शोध-दल    —    card 2 of 2,assets/images/0451.png
452,452_v1ch67_title.png,67,title,Mīrā and the Right of the Gaze,मीरा आ दृष्टिक अधिकार    Mīrā ā Dṛṣṭik Adhikār,assets/images/0452.png
453,453_v1ch67_right-of-the-gaze.png,67,content,The right of the gaze,Mīrā and the Right of the Gaze  ·  मीरा आ दृष्टिक अधिकार    —    card 1 of 2,assets/images/0453.png
454,454_v1ch67_the-gaze-watch.png,67,content,The gaze-watch,Mīrā and the Right of the Gaze  ·  मीरा आ दृष्टिक अधिकार    —    card 2 of 2,assets/images/0454.png
455,455_v1ch68_title.png,68,title,Devika vs. the Tribute-App,देविका बनाम श्रद्धांजलि-अनुप्रयोग    Devikā banām Śraddhāñjali-Anuprayog,assets/images/0455.png
456,456_v1ch68_a-census-of-grief.png,68,content,A census of grief,Devika vs. the Tribute-App  ·  देविका बनाम श्रद्धांजलि-अनुप्रयोग    —    card 1 of 2,assets/images/0456.png
457,457_v1ch68_dead-second-death.png,68,content,The dead's second death,Devika vs. the Tribute-App  ·  देविका बनाम श्रद्धांजलि-अनुप्रयोग    —    card 2 of 2,assets/images/0457.png
458,458_v1ch69_title.png,69,title,The Theft of the Name,नामक चोरी    Nāmak Corī,assets/images/0458.png
459,459_v1ch69_white-page-of-theft.png,69,content,The white page of theft,The Theft of the Name  ·  नामक चोरी    —    card 1 of 2,assets/images/0459.png
460,460_v1ch69_water-keeps-the-name.png,69,content,The water keeps the name,The Theft of the Name  ·  नामक चोरी    —    card 2 of 2,assets/images/0460.png
461,461_v1ch70_title.png,70,title,The Paniḍubbī's Testimony,पनिडुब्बीक गवाही    Paniḍubbīk Gavāhī,assets/images/0461.png
462,462_v1ch70_the-pond-is-heard.png,70,content,The pond is heard,The Paniḍubbī's Testimony  ·  पनिडुब्बीक गवाही    —    card 1 of 2,assets/images/0462.png
463,463_v1ch70_name-drowned-cant-be-stolen.png,70,content,A name drowned can't be stolen,The Paniḍubbī's Testimony  ·  पनिडुब्बीक गवाही    —    card 2 of 2,assets/images/0463.png
464,464_v1ch71_title.png,71,title,The Fake-Ghost Procession,नकली भूतक जुलूस    Naklī Bhūtak Julūs,assets/images/0464.png
465,465_v1ch71_smoke-comes-on-hire.png,71,content,The smoke comes on hire,The Fake-Ghost Procession  ·  नकली भूतक जुलूस    —    card 1 of 2,assets/images/0465.png
466,466_v1ch71_lie-turns-to-testimony.png,71,content,The lie turns to testimony,The Fake-Ghost Procession  ·  नकली भूतक जुलूस    —    card 2 of 2,assets/images/0466.png
467,467_v1ch72_title.png,72,title,The Channā Grove's Laugh,चन्ना गाछीक हँसी    Cannā Gāchīk Hãsī,assets/images/0467.png
468,468_v1ch72_the-grove-answered.png,72,content,The grove answered,The Channā Grove's Laugh  ·  चन्ना गाछीक हँसी    —    card 1 of 2,assets/images/0468.png
469,469_v1ch72_laugh-has-no-owner.png,72,content,The laugh has no owner,The Channā Grove's Laugh  ·  चन्ना गाछीक हँसी    —    card 2 of 2,assets/images/0469.png
470,470_v1ch73_title.png,73,title,Baṭuknāth's Dream-Court,बटुकनाथक स्वप्न-दरबार    Baṭuknāthak Svapna-darbār,assets/images/0470.png
471,471_v1ch73_chair-becomes-a-root.png,73,content,The chair becomes a root,Baṭuknāth's Dream-Court  ·  बटुकनाथक स्वप्न-दरबार    —    card 1 of 2,assets/images/0471.png
472,472_v1ch73_step-down-from-the-throne.png,73,content,Step down from the throne,Baṭuknāth's Dream-Court  ·  बटुकनाथक स्वप्न-दरबार    —    card 2 of 2,assets/images/0472.png
473,473_v1ch74_title.png,74,title,Chandrapal's First Confession,चन्द्रपालक पहिल स्वीकार    Candrapālak Pahil Svīkār,assets/images/0473.png
474,474_v1ch74_many-eyed-mirror.png,74,content,The many-eyed mirror,Chandrapal's First Confession  ·  चन्द्रपालक पहिल स्वीकार    —    card 1 of 2,assets/images/0474.png
475,475_v1ch74_the-birth-name.png,74,content,The birth-name,Chandrapal's First Confession  ·  चन्द्रपालक पहिल स्वीकार    —    card 2 of 2,assets/images/0475.png
476,476_v1ch75_title.png,75,title,Rāghav Signal Without a Network,राघव सिग्नलक बिना नेटवर्क    Rāghav Signalak Binā Neṭvark,assets/images/0476.png
477,477_v1ch75_full-bars-zero-reach.png,75,content,"Full bars, zero reach",Rāghav Signal Without a Network  ·  राघव सिग्नलक बिना नेटवर्क    —    card 1 of 2,assets/images/0477.png
478,478_v1ch75_network-of-trust.png,75,content,The network of trust,Rāghav Signal Without a Network  ·  राघव सिग्नलक बिना नेटवर्क    —    card 2 of 2,assets/images/0478.png
479,479_v1ch76_title.png,76,title,Lau Kin-hang's India-Journey,लाउ किन-हंगक भारत-यात्रा    Lāu Kin-hangak Bhārat-yātrā,assets/images/0479.png
480,480_v1ch76_stubborn-black-stain.png,76,content,The stubborn black stain,Lau Kin-hang's India-Journey  ·  लाउ किन-हंगक भारत-यात्रा    —    card 1 of 2,assets/images/0480.png
481,481_v1ch76_door-of-hearing-within.png,76,content,The door of the hearing within,Lau Kin-hang's India-Journey  ·  लाउ किन-हंगक भारत-यात्रा    —    card 2 of 2,assets/images/0481.png
482,482_v1ch77_title.png,77,title,Crocodile at the Airport,हवाई अड्डापर गोहि    Havāī Aḍḍāpar Gohi,assets/images/0482.png
483,483_v1ch77_crocodile-in-the-glass.png,77,content,The crocodile in the glass,Crocodile at the Airport  ·  हवाई अड्डापर गोहि    —    card 1 of 2,assets/images/0483.png
484,484_v1ch77_a-pursuing-testimony.png,77,content,A pursuing testimony,Crocodile at the Airport  ·  हवाई अड्डापर गोहि    —    card 2 of 2,assets/images/0484.png
485,485_v1ch78_title.png,78,title,Satyavrat and Lau's Silent Dialogue,सत्यव्रत आ लाउक मौन-संवाद    Satyavrat ā Lāuk Maun-saṃvād,assets/images/0485.png
486,486_v1ch78_count-names-not-profit.png,78,content,"Count names, not profit",Satyavrat and Lau's Silent Dialogue  ·  सत्यव्रत आ लाउक मौन-संवाद    —    card 1 of 2,assets/images/0486.png
487,487_v1ch78_a-name-is-weight.png,78,content,A name is weight,Satyavrat and Lau's Silent Dialogue  ·  सत्यव्रत आ लाउक मौन-संवाद    —    card 2 of 2,assets/images/0487.png
488,488_v1ch79_title.png,79,title,Broom's Donation-Deed,ब्रूमक दान-पत्र    Broomak Dān-patra,assets/images/0488.png
489,489_v1ch79_compassion-demands-a-right.png,79,content,Compassion that demands a right,Broom's Donation-Deed  ·  ब्रूमक दान-पत्र    —    card 1 of 2,assets/images/0489.png
490,490_v1ch79_the-mask-washed-off.png,79,content,The mask washed off,Broom's Donation-Deed  ·  ब्रूमक दान-पत्र    —    card 2 of 2,assets/images/0490.png
491,491_v1ch80_title.png,80,title,Hariharan's Offspring,हरिहरनक संतान    Hariharanak Santān,assets/images/0491.png
492,492_v1ch80_justice-or-the-profession.png,80,content,Justice or the profession?,Hariharan's Offspring  ·  हरिहरनक संतान    —    card 1 of 2,assets/images/0492.png
493,493_v1ch80_the-heirs-refusal.png,80,content,The heir's refusal,Hariharan's Offspring  ·  हरिहरनक संतान    —    card 2 of 2,assets/images/0493.png
494,494_v1ch81_title.png,81,title,Batra's Incomplete Name,बत्राक अधूरा नाम    Batrāk Adhūrā Nām,assets/images/0494.png
495,495_v1ch81_name-that-writes-profit.png,81,content,The name that writes profit,Batra's Incomplete Name  ·  बत्राक अधूरा नाम    —    card 1 of 2,assets/images/0495.png
496,496_v1ch81_chandu-and-crocodiles-jaw.png,81,content,"Chandu, and the crocodile's jaw",Batra's Incomplete Name  ·  बत्राक अधूरा नाम    —    card 2 of 2,assets/images/0496.png
497,497_v1ch82_title.png,82,title,The Inner Elephant-Crocodile,अंदरक गज-ग्राह    Andarak Gaja-Grāha,assets/images/0497.png
498,498_v1ch82_elephant-within-crocodile-within.png,82,content,"The elephant within, the crocodile within",The Inner Elephant-Crocodile  ·  अंदरक गज-ग्राह    —    card 1 of 2,assets/images/0498.png
499,499_v1ch82_grip-made-visible.png,82,content,The grip made visible,The Inner Elephant-Crocodile  ·  अंदरक गज-ग्राह    —    card 2 of 2,assets/images/0499.png
500,500_v1ch83_title.png,83,title,The Coconut-Leaf School,नारिकेल पात पाठशाला    Nārikel Pāt Pāṭhśālā,assets/images/0500.png
501,501_v1ch83_school-of-the-name.png,83,content,The school of the name,The Coconut-Leaf School  ·  नारिकेल पात पाठशाला    —    card 1 of 2,assets/images/0501.png
502,502_v1ch83_tattvacintamani-between-two-hands.png,83,content,The Tattvacintāmaṇi between two hands,The Coconut-Leaf School  ·  नारिकेल पात पाठशाला    —    card 2 of 2,assets/images/0502.png
503,503_v1ch84_title.png,84,title,First Lesson: Present,पहिल पाठ: उपस्थित    Pahil Pāṭh: Upasthit,assets/images/0503.png
504,504_v1ch84_standing-with-the-name.png,84,content,Standing with the name,First Lesson: Present  ·  पहिल पाठ: उपस्थित    —    card 1 of 2,assets/images/0504.png
505,505_v1ch84_present-with-dignity.png,84,content,Present with dignity,First Lesson: Present  ·  पहिल पाठ: उपस्थित    —    card 2 of 2,assets/images/0505.png
506,506_v1ch85_title.png,85,title,The Women's Night-Assembly,स्त्री सभक राति-सभा    Strī Sabhak Rāti-sabhā,assets/images/0506.png
507,507_v1ch85_the-body-speaks.png,85,content,The body speaks,The Women's Night-Assembly  ·  स्त्री सभक राति-सभा    —    card 1 of 2,assets/images/0507.png
508,508_v1ch85_privacy-is-dignity.png,85,content,"Privacy is dignity, not silence",The Women's Night-Assembly  ·  स्त्री सभक राति-सभा    —    card 2 of 2,assets/images/0508.png
509,509_v1ch86_title.png,86,title,The Laborer's Feet,मजदूरक पाँव    Majdūrak Pā̃v,assets/images/0509.png
510,510_v1ch86_proof-of-the-feet.png,86,content,The proof of the feet,The Laborer's Feet  ·  मजदूरक पाँव    —    card 1 of 2,assets/images/0510.png
511,511_v1ch86_bridge-complete-when-feet-present.png,86,content,The bridge complete when feet are present,The Laborer's Feet  ·  मजदूरक पाँव    —    card 2 of 2,assets/images/0511.png
512,512_v1ch87_title.png,87,title,The Screen-Fast,स्क्रीनक उपवास    Skrīnak Upavās,assets/images/0512.png
513,513_v1ch87_a-fast-of-the-gaze.png,87,content,A fast of the gaze,The Screen-Fast  ·  स्क्रीनक उपवास    —    card 1 of 2,assets/images/0513.png
514,514_v1ch87_gaze-made-a-criminal.png,87,content,The gaze made a criminal,The Screen-Fast  ·  स्क्रीनक उपवास    —    card 2 of 2,assets/images/0514.png
515,515_v1ch88_title.png,88,title,Ira's Letter to the Children Abroad,ईराक पत्र विदेशक बच्चा सभकेँ    Īrāk Patra Videśak Baccā Sabhakẽ,assets/images/0515.png
516,516_v1ch88_not-a-picture-a-responsibility.png,88,content,"Not a picture, a responsibility",Ira's Letter to the Children Abroad  ·  ईराक पत्र विदेशक बच्चा सभकेँ    —    card 1 of 2,assets/images/0516.png
517,517_v1ch88_present-from-afar.png,88,content,Present from afar,Ira's Letter to the Children Abroad  ·  ईराक पत्र विदेशक बच्चा सभकेँ    —    card 2 of 2,assets/images/0517.png
518,518_v1ch89_title.png,89,title,Satyavrat's Public Hearing,सत्यव्रतक जन-सुनवाई    Satyavratak Jan-sunavāī,assets/images/0518.png
519,519_v1ch89_the-unheard-testimony.png,89,content,The unheard testimony,Satyavrat's Public Hearing  ·  सत्यव्रतक जन-सुनवाई    —    card 1 of 2,assets/images/0519.png
520,520_v1ch89_birth-of-a-folk-code.png,89,content,The birth of a folk-code,Satyavrat's Public Hearing  ·  सत्यव्रतक जन-सुनवाई    —    card 2 of 2,assets/images/0520.png
521,521_v1ch90_title.png,90,title,The Constitution of the Name,नामक संविधान    Nāmak Saṃvidhān,assets/images/0521.png
522,522_v1ch90_written-on-a-dry-leaf.png,90,content,Written on a dry leaf,The Constitution of the Name  ·  नामक संविधान    —    card 1 of 2,assets/images/0522.png
523,523_v1ch90_seal-of-the-root.png,90,content,The seal of the root,The Constitution of the Name  ·  नामक संविधान    —    card 2 of 2,assets/images/0523.png
524,524_v1ch91_title.png,91,title,The Absence of the Crooks,धूर्त सभक अनुपस्थिति    Dhūrt Sabhak Anupasthiti,assets/images/0524.png
525,525_v1ch91_victims-name-at-the-center.png,91,content,The victim's name at the center,The Absence of the Crooks  ·  धूर्त सभक अनुपस्थिति    —    card 1 of 2,assets/images/0525.png
526,526_v1ch91_sin-large-sinner-small.png,91,content,"The sin large, the sinner small",The Absence of the Crooks  ·  धूर्त सभक अनुपस्थिति    —    card 2 of 2,assets/images/0526.png
527,527_v1ch92_title.png,92,title,The Shade of the Stump,ठूँठक छाँह    Ṭhū̃ṭhak Chā̃h,assets/images/0527.png
528,528_v1ch92_responsibility-not-rest.png,92,content,"Responsibility, not rest",The Shade of the Stump  ·  ठूँठक छाँह    —    card 1 of 2,assets/images/0528.png
529,529_v1ch92_the-water-returns.png,92,content,The water returns,The Shade of the Stump  ·  ठूँठक छाँह    —    card 2 of 2,assets/images/0529.png
530,530_v1ch93_title.png,93,title,The Flood Returns,पुनः बाढ़ि    Punaḥ Bāṛhi,assets/images/0530.png
531,531_v1ch93_save-the-name-not-only-the-tree.png,93,content,"Save the name, not only the tree",The Flood Returns  ·  पुनः बाढ़ि    —    card 1 of 2,assets/images/0531.png
532,532_v1ch93_kabaddi-in-the-water.png,93,content,Kabaddī in the water,The Flood Returns  ·  पुनः बाढ़ि    —    card 2 of 2,assets/images/0532.png
533,533_v1ch94_title.png,94,title,The Return of the Crocodiles,गोहि सभक वापसी    Gohi Sabhak Vāpasī,assets/images/0533.png
534,534_v1ch94_crocodile-is-a-boundary.png,94,content,The crocodile is a boundary,The Return of the Crocodiles  ·  गोहि सभक वापसी    —    card 1 of 2,assets/images/0534.png
535,535_v1ch94_without-a-name-boundary-is-violence.png,94,content,"Without a name, a boundary is violence",The Return of the Crocodiles  ·  गोहि सभक वापसी    —    card 2 of 2,assets/images/0535.png
536,536_v1ch95_title.png,95,title,Lau Kin-hang's Last Deal,लाउ किन-हंगक अंतिम सौदा    Lāu Kin-haṅgak Antim Saudā,assets/images/0536.png
537,537_v1ch95_the-last-deal-writes-a-name.png,95,appendix,The last deal writes a name,Lau Kin-hang's Last Deal  ·  लाउ किन-हंगक अंतिम सौदा    —    card 1 of 2,assets/images/0537.png
538,538_v1ch95_punishment-of-hearing-the-names.png,95,content,The punishment of hearing the names,Lau Kin-hang's Last Deal  ·  लाउ किन-हंगक अंतिम सौदा    —    card 2 of 2,assets/images/0538.png
539,539_v1ch96_title.png,96,title,Baṭuknāth's Late-Arriving Forgiveness,बटुकनाथक देर-सँ-आयल क्षमा    Baṭuknāthak Der-sã-āyal Kṣamā,assets/images/0539.png
540,540_v1ch96_account-of-the-delay.png,96,content,The account of the delay,Baṭuknāth's Late-Arriving Forgiveness  ·  बटुकनाथक देर-सँ-आयल क्षमा    —    card 1 of 2,assets/images/0540.png
541,541_v1ch96_the-confession.png,96,content,The confession,Baṭuknāth's Late-Arriving Forgiveness  ·  बटुकनाथक देर-सँ-आयल क्षमा    —    card 2 of 2,assets/images/0541.png
542,542_v1ch97_title.png,97,title,Chandrapal's Mule Account,चन्द्रपालक म्यूल अकाउण्ट    Chandrapālak Myūl Akāuṇṭ,assets/images/0542.png
543,543_v1ch97_not-the-owner-only-the-path.png,97,content,"Not the owner, only the path",Chandrapal's Mule Account  ·  चन्द्रपालक म्यूल अकाउण्ट    —    card 1 of 2,assets/images/0543.png
544,544_v1ch97_mine-too.png,97,content,Mine too,Chandrapal's Mule Account  ·  चन्द्रपालक म्यूल अकाउण्ट    —    card 2 of 2,assets/images/0544.png
545,545_v1ch98_title.png,98,title,Rāghav's Last Message,राघवक अंतिम संदेश    Rāghavak Antim Sandeś,assets/images/0545.png
546,546_v1ch98_message-that-wont-erase.png,98,content,The message that won't erase,Rāghav's Last Message  ·  राघवक अंतिम संदेश    —    card 1 of 2,assets/images/0546.png
547,547_v1ch98_hardest-word-is-i.png,98,content,"The hardest word is ""I""",Rāghav's Last Message  ·  राघवक अंतिम संदेश    —    card 2 of 2,assets/images/0547.png
548,548_v1ch99_title.png,99,title,Satyavrat Mehta's Testimony,सत्यव्रत मेहताक गवाही    Satyavrat Mehtāk Gavāhī,assets/images/0548.png
549,549_v1ch99_testimony-behind-the-oath.png,99,content,The testimony behind the oath,Satyavrat Mehta's Testimony  ·  सत्यव्रत मेहताक गवाही    —    card 1 of 2,assets/images/0549.png
550,550_v1ch99_caste-system-of-silence.png,99,content,The caste-system of silence,Satyavrat Mehta's Testimony  ·  सत्यव्रत मेहताक गवाही    —    card 2 of 2,assets/images/0550.png
551,551_v1ch100_title.png,100,title,"Elephant, Crocodile, and the Child's Hand","गज, ग्राह, आ बच्चाक हाथ    Gaja, Grāha, ā Baccāk Hāth",assets/images/0551.png
552,552_v1ch100_the-story-that-turns-its-face.png,100,content,The story that turns its face,"Elephant, Crocodile, and the Child's Hand  ·  गज, ग्राह, आ बच्चाक हाथ    —    card 1 of 4",assets/images/0552.png
553,553_v1ch100_crocodile-within-the-criminals.png,100,content,The crocodile within the criminals,"Elephant, Crocodile, and the Child's Hand  ·  गज, ग्राह, आ बच्चाक हाथ    —    card 2 of 4",assets/images/0553.png
554,554_v1ch100_hearing-is-liberation.png,100,content,Hearing is liberation,"Elephant, Crocodile, and the Child's Hand  ·  गज, ग्राह, आ बच्चाक हाथ    —    card 3 of 4",assets/images/0554.png
555,555_v1ch100_childs-hand-and-mongoose-watch.png,100,content,The child's hand and the mongoose's watch,"Elephant, Crocodile, and the Child's Hand  ·  गज, ग्राह, आ बच्चाक हाथ    —    card 4 of 4",assets/images/0555.png
556,556_v2ch101_title.png,101,title,The Nameless Planet's Dream-Invitation,अनाम ग्रहक स्वप्न-आमन्त्रण    Anām Grahak Svapna-āmantraṇ,assets/images/0556.png
557,557_v2ch101_the-deal-of-forgetting.png,101,content,The deal of forgetting,The Nameless Planet's Dream-Invitation  ·  अनाम ग्रहक स्वप्न-आमन्त्रण    —    card 1 of 1,assets/images/0557.png
558,558_v2ch102_title.png,102,title,Kabaddī Between the Planets in the Dream,स्वप्नमे ग्रहक बीच कबड्डी    Svapnamẽ Grahak Bīc Kabaḍḍī,assets/images/0558.png
559,559_v2ch102_breath-that-carries-the-name.png,102,content,The breath that carries the name,Kabaddī Between the Planets in the Dream  ·  स्वप्नमे ग्रहक बीच कबड्डी    —    card 1 of 1,assets/images/0559.png
560,560_v2ch103_title.png,103,title,The Name-Reading on the Dream's Nameless Planet,स्वप्नक अनाम ग्रहपर नाम-पाठ    Svapnak Anām Grahapar Nām-pāṭh,assets/images/0560.png
561,561_v2ch103_name-reads-number-into-human.png,103,content,The name reads the number into a human,The Name-Reading on the Dream's Nameless Planet  ·  स्वप्नक अनाम ग्रहपर नाम-पाठ    —    card 1 of 1,assets/images/0561.png
562,562_v2ch104_title.png,104,title,Awakening: Gaṛh Nārikel Chooses the Earth,जागरण: गढ़ नारिकेल पृथ्वी चुनैत अछि    Jāgaraṇ: Gaṛh Nārikel Pṛthvī Cunait Achi,assets/images/0562.png
563,563_v2ch104_garh-narikel-chooses-the-earth.png,104,content,Gaṛh Nārikel chooses the earth,Awakening: Gaṛh Nārikel Chooses the Earth  ·  जागरण: गढ़ नारिकेल पृथ्वी चुनैत अछि    —    card 1 of 1,assets/images/0563.png
564,564_v2ch105_title.png,105,title,Earth's First Watch,पृथ्वीक पहिल पहरा    Pṛthvīk Pahil Paharā,assets/images/0564.png
565,565_v2ch105_earth-as-responsibility.png,105,content,The earth as responsibility,Earth's First Watch  ·  पृथ्वीक पहिल पहरा    —    card 1 of 2,assets/images/0565.png
566,566_v2ch105_the-game-of-proof.png,105,content,The game of proof,Earth's First Watch  ·  पृथ्वीक पहिल पहरा    —    card 2 of 2,assets/images/0566.png
567,567_v2ch106_title.png,106,title,The Seed's Testimony,बीजक गवाही    Bījak Gavāhī,assets/images/0567.png
568,568_v2ch106_the-seed-keeps-the-village.png,106,content,The seed keeps the village,The Seed's Testimony  ·  बीजक गवाही    —    card 1 of 2,assets/images/0568.png
569,569_v2ch106_seeds-proof-is-its-relations.png,106,content,The seed's proof is its relations,The Seed's Testimony  ·  बीजक गवाही    —    card 2 of 2,assets/images/0569.png
570,570_v2ch107_title.png,107,title,The Theft of the Seed,बीजक चोरी    Bījak Corī,assets/images/0570.png
571,571_v2ch107_theft-that-folds-its-hands.png,107,content,Theft that folds its hands,The Theft of the Seed  ·  बीजक चोरी    —    card 1 of 2,assets/images/0571.png
572,572_v2ch107_the-clause-is-the-river.png,107,content,The clause is the river,The Theft of the Seed  ·  बीजक चोरी    —    card 2 of 2,assets/images/0572.png
573,573_v2ch108_title.png,108,title,The Mouth of the Soil,माटिक मुँह    Māṭik Mũh,assets/images/0573.png
574,574_v2ch108_the-soils-question.png,108,content,The soil's question,The Mouth of the Soil  ·  माटिक मुँह    —    card 1 of 2,assets/images/0574.png
575,575_v2ch108_the-five-soils.png,108,content,The five soils,The Mouth of the Soil  ·  माटिक मुँह    —    card 2 of 2,assets/images/0575.png
576,576_v2ch109_title.png,109,title,The Memory of Water,जलक स्मृति    Jalak Smṛti,assets/images/0576.png
577,577_v2ch109_water-keeps-the-last-touch.png,109,content,Water keeps the last touch,The Memory of Water  ·  जलक स्मृति    —    card 1 of 2,assets/images/0577.png
578,578_v2ch109_the-bottled-river.png,109,content,The bottled river,The Memory of Water  ·  जलक स्मृति    —    card 2 of 2,assets/images/0578.png
579,579_v2ch110_title.png,110,title,The Witness of Fire,आगिक साक्षी    Āgik Sākṣī,assets/images/0579.png
580,580_v2ch110_the-ash-gives-testimony.png,110,content,The ash gives testimony,The Witness of Fire  ·  आगिक साक्षी    —    card 1 of 2,assets/images/0580.png
581,581_v2ch110_the-half-burnt-names.png,110,content,The half-burnt names,The Witness of Fire  ·  आगिक साक्षी    —    card 2 of 2,assets/images/0581.png
582,582_v2ch111_title.png,111,title,The Question of the Air,वायुक प्रश्न    Vāyuk Praśna,assets/images/0582.png
583,583_v2ch111_air-carries-word-and-rumor.png,111,content,The air carries word and rumor,The Question of the Air  ·  वायुक प्रश्न    —    card 1 of 2,assets/images/0583.png
584,584_v2ch111_breath-as-moral-proof.png,111,content,Breath as moral proof,The Question of the Air  ·  वायुक प्रश्न    —    card 2 of 2,assets/images/0584.png
585,585_v2ch112_title.png,112,title,The Void of the Sky,आकाशक रिक्ति    Ākāśak Rikti,assets/images/0585.png
586,586_v2ch112_whole-sky-demands-an-answer.png,112,content,The whole sky demands an answer,The Void of the Sky  ·  आकाशक रिक्ति    —    card 1 of 2,assets/images/0586.png
587,587_v2ch112_the-empty-place-waits.png,112,content,The empty place waits,The Void of the Sky  ·  आकाशक रिक्ति    —    card 2 of 2,assets/images/0587.png
588,588_v2ch113_title.png,113,title,The Body of the Word,शब्दक देह    Śabdak Deha,assets/images/0588.png
589,589_v2ch113_a-word-needs-a-body.png,113,content,A word needs a body,The Body of the Word  ·  शब्दक देह    —    card 1 of 2,assets/images/0589.png
590,590_v2ch113_word-without-a-body-has-a-belly.png,113,content,The word without a body has a belly,The Body of the Word  ·  शब्दक देह    —    card 2 of 2,assets/images/0590.png
591,591_v2ch114_title.png,114,title,The Soul of the Meaning,अर्थक आत्मा    Arthak Ātmā,assets/images/0591.png
592,592_v2ch114_word-sold-as-a-slogan.png,114,content,The word sold as a slogan,The Soul of the Meaning  ·  अर्थक आत्मा    —    card 1 of 2,assets/images/0592.png
593,593_v2ch114_court-of-reinterpretation.png,114,content,The court of reinterpretation,The Soul of the Meaning  ·  अर्थक आत्मा    —    card 2 of 2,assets/images/0593.png
594,594_v2ch115_title.png,115,title,The Watch of the Throat,कण्ठक पहरा    Kaṇṭhak Paharā,assets/images/0594.png
595,595_v2ch115_voice-is-part-of-the-body.png,115,content,The voice is part of the body,The Watch of the Throat  ·  कण्ठक पहरा    —    card 1 of 2,assets/images/0595.png
596,596_v2ch115_the-ear-of-greed.png,115,content,The ear of greed,The Watch of the Throat  ·  कण्ठक पहरा    —    card 2 of 2,assets/images/0596.png
597,597_v2ch116_title.png,116,title,The Inheritance of Silence,मौनक उत्तराधिकार    Maunak Uttarādhikār,assets/images/0597.png
598,598_v2ch116_two-kinds-of-silence.png,116,content,Two kinds of silence,The Inheritance of Silence  ·  मौनक उत्तराधिकार    —    card 1 of 2,assets/images/0598.png
599,599_v2ch116_silence-cannot-be-stored.png,116,content,Silence cannot be stored,The Inheritance of Silence  ·  मौनक उत्तराधिकार    —    card 2 of 2,assets/images/0599.png
600,600_v2ch117_title.png,117,title,The Debt of Memory,स्मृतिक ऋण    Smṛtik R̥ṇ,assets/images/0600.png
601,601_v2ch117_a-heard-name-is-a-debt.png,117,content,A heard name is a debt,The Debt of Memory  ·  स्मृतिक ऋण    —    card 1 of 2,assets/images/0601.png
602,602_v2ch117_the-tanner-womans-blank.png,117,content,The tanner-woman's blank,The Debt of Memory  ·  स्मृतिक ऋण    —    card 2 of 2,assets/images/0602.png
603,603_v2ch118_title.png,118,title,The Right of the Body,देहक अधिकार    Dehak Adhikār,assets/images/0603.png
604,604_v2ch118_the-right-of-the-body.png,118,content,The right of the body,The Right of the Body  ·  देहक अधिकार    —    card 1 of 2,assets/images/0604.png
605,605_v2ch118_the-body-code.png,118,content,The body-code,The Right of the Body  ·  देहक अधिकार    —    card 2 of 2,assets/images/0605.png
606,606_v2ch119_title.png,119,title,The Body of Labor,श्रमक देह    Śramak Deha,assets/images/0606.png
607,607_v2ch119_master-fears-the-name.png,119,content,"Where the master fears the name, he writes a number",The Body of Labor  ·  श्रमक देह    —    card 1 of 2,assets/images/0607.png
608,608_v2ch119_memorial-without-labor.png,119,content,A memorial without labor is a second crime,The Body of Labor  ·  श्रमक देह    —    card 2 of 2,assets/images/0608.png
609,609_v2ch120_title.png,120,title,The Body of Justice,न्यायक देह    Nyāyak Deha,assets/images/0609.png
610,610_v2ch120_justice-must-have-a-body.png,120,content,Justice must have a body,The Body of Justice  ·  न्यायक देह    —    card 1 of 2,assets/images/0610.png
611,611_v2ch120_justice-can-weep.png,120,content,Justice can weep,The Body of Justice  ·  न्यायक देह    —    card 2 of 2,assets/images/0611.png
612,612_v2ch121_title.png,121,title,The Cage of Caste,जातिक पिंजरा    Jātik Piñjarā,assets/images/0612.png
613,613_v2ch121_the-cage-of-habit.png,121,content,The cage of habit,The Cage of Caste  ·  जातिक पिंजरा    —    card 1 of 2,assets/images/0613.png
614,614_v2ch121_caste-made-by-man-not-soil.png,121,content,"Caste is made by man, not soil",The Cage of Caste  ·  जातिक पिंजरा    —    card 2 of 2,assets/images/0614.png
615,615_v2ch122_title.png,122,title,Gaṅgeśa's Liberation,गंगेशक मुक्ति    Gaṅgeśak Mukti,assets/images/0615.png
616,616_v2ch122_liberation-is-the-right-to-ask.png,122,content,Liberation is the right to ask,Gaṅgeśa's Liberation  ·  गंगेशक मुक्ति    —    card 1 of 2,assets/images/0616.png
617,617_v2ch122_who-owns-language-of-proof.png,122,content,Who owns the language of proof,Gaṅgeśa's Liberation  ·  गंगेशक मुक्ति    —    card 2 of 2,assets/images/0617.png
618,618_v2ch123_title.png,123,title,The Leaf of the Tattvacintāmaṇi,तत्त्वचिन्तामणिक पात    Tattvacintāmaṇik Pāt,assets/images/0618.png
619,619_v2ch123_four-doors-of-proof.png,123,content,The four doors of proof,The Leaf of the Tattvacintāmaṇi  ·  तत्त्वचिन्तामणिक पात    —    card 1 of 2,assets/images/0619.png
620,620_v2ch123_the-infinite-leaf.png,123,content,The infinite leaf,The Leaf of the Tattvacintāmaṇi  ·  तत्त्वचिन्तामणिक पात    —    card 2 of 2,assets/images/0620.png
621,621_v2ch124_title.png,124,title,The Fire of Proof,प्रमाणक अग्नि    Pramāṇak Agni,assets/images/0621.png
622,622_v2ch124_garland-becomes-a-noose.png,124,content,The garland that becomes a noose,The Fire of Proof  ·  प्रमाणक अग्नि    —    card 1 of 2,assets/images/0622.png
623,623_v2ch124_proof-more-than-the-text.png,124,content,Proof is more than the text,The Fire of Proof  ·  प्रमाणक अग्नि    —    card 2 of 2,assets/images/0623.png
624,624_v2ch125_title.png,125,title,The Rice of Decision,निर्णयक धान    Nirṇayak Dhān,assets/images/0624.png
625,625_v2ch125_the-soil-grows-a-decision.png,125,content,The soil grows a decision,The Rice of Decision  ·  निर्णयक धान    —    card 1 of 2,assets/images/0625.png
626,626_v2ch125_co-proof.png,125,content,Co-proof,The Rice of Decision  ·  निर्णयक धान    —    card 2 of 2,assets/images/0626.png
627,627_v2ch126_title.png,126,title,The Justice of Grain,अन्नक न्याय    Annak Nyāy,assets/images/0627.png
628,628_v2ch126_charity-or-a-share.png,126,content,Charity or a share,The Justice of Grain  ·  अन्नक न्याय    —    card 1 of 2,assets/images/0628.png
629,629_v2ch126_no-purity-greater-than-hunger.png,126,content,No purity greater than hunger,The Justice of Grain  ·  अन्नक न्याय    —    card 2 of 2,assets/images/0629.png
630,630_v2ch127_title.png,127,title,The Name of Hunger,भूखक नाम    Bhūkhak Nām,assets/images/0630.png
631,631_v2ch127_naming-living-hunger.png,127,content,Naming living hunger,The Name of Hunger  ·  भूखक नाम    —    card 1 of 2,assets/images/0631.png
632,632_v2ch127_the-grain-of-right.png,127,content,The grain of right,The Name of Hunger  ·  भूखक नाम    —    card 2 of 2,assets/images/0632.png
633,633_v2ch128_title.png,128,title,The Name of Thirst,प्यासक नाम    Pyāsak Nām,assets/images/0633.png
634,634_v2ch128_water-has-a-caste.png,128,content,Water has a caste,The Name of Thirst  ·  प्यासक नाम    —    card 1 of 2,assets/images/0634.png
635,635_v2ch128_the-well-breathes.png,128,content,The well breathes,The Name of Thirst  ·  प्यासक नाम    —    card 2 of 2,assets/images/0635.png
636,636_v2ch129_title.png,129,title,The Oath of Salt,नूनक शपथ    Nūnak Śapath,assets/images/0636.png
637,637_v2ch129_one-taste-many-insults.png,129,content,"One taste, many insults",The Oath of Salt  ·  नूनक शपथ    —    card 1 of 2,assets/images/0637.png
638,638_v2ch129_salt-becomes-taste-of-oath.png,129,content,Salt becomes the taste of the oath,The Oath of Salt  ·  नूनक शपथ    —    card 2 of 2,assets/images/0638.png
639,639_v2ch130_title.png,130,title,The Justice of Taste,स्वादक न्याय    Svādak Nyāy,assets/images/0639.png
640,640_v2ch130_the-plate-as-record.png,130,content,The plate as record,The Justice of Taste  ·  स्वादक न्याय    —    card 1 of 2,assets/images/0640.png
641,641_v2ch130_the-justice-of-serving.png,130,content,The justice of serving,The Justice of Taste  ·  स्वादक न्याय    —    card 2 of 2,assets/images/0641.png
642,642_v2ch131_title.png,131,title,The Shared Plate,साझा थारी    Sājhā Thārī,assets/images/0642.png
643,643_v2ch131_touch-and-stay.png,131,content,Touch and stay,The Shared Plate  ·  साझा थारी    —    card 1 of 2,assets/images/0643.png
644,644_v2ch131_the-fear-that-must-be-named.png,131,content,The fear that must be named,The Shared Plate  ·  साझा थारी    —    card 2 of 2,assets/images/0644.png
645,645_v2ch132_title.png,132,title,The Republic of the Kitchen,रसोइक गणराज्य    Rasoik Gaṇarājya,assets/images/0645.png
646,646_v2ch132_shared-plate-not-shared-kitchen.png,132,content,A shared plate is not a shared kitchen,The Republic of the Kitchen  ·  रसोइक गणराज्य    —    card 1 of 2,assets/images/0646.png
647,647_v2ch132_whoever-scrubs-hand-is-pure.png,132,content,"Whoever scrubs, their hand is pure",The Republic of the Kitchen  ·  रसोइक गणराज्य    —    card 2 of 2,assets/images/0647.png
648,648_v2ch133_title.png,133,title,The Call of the Videha Drama Festival,विदेह नाट्य उत्सवक बुलाहट    Videha Nāṭya Utsavak Bulāhaṭ,assets/images/0648.png
649,649_v2ch133_give-the-chapters-breath.png,133,content,Give the chapters breath,The Call of the Videha Drama Festival  ·  विदेह नाट्य उत्सवक बुलाहट    —    card 1 of 2,assets/images/0649.png
650,650_v2ch133_dont-make-villain-a-clown.png,133,content,Don't make the villain a clown,The Call of the Videha Drama Festival  ·  विदेह नाट्य उत्सवक बुलाहट    —    card 2 of 2,assets/images/0650.png
651,651_v2ch134_title.png,134,title,The Play-Text of the Kabaddī Players,कबड्डी खेलनिहार सभक नाट्य-पाठ    Kabaḍḍī Khelanihār Sabhak Nāṭya-Pāṭh,assets/images/0651.png
652,652_v2ch134_not-audience-but-witness.png,134,content,"Not audience, but witness",The Play-Text of the Kabaddī Players  ·  कबड्डी खेलनिहार सभक नाट्य-पाठ    —    card 1 of 2,assets/images/0652.png
653,653_v2ch134_whoever-has-breath-left.png,134,content,"Whoever has breath left, their story is left",The Play-Text of the Kabaddī Players  ·  कबड्डी खेलनिहार सभक नाट्य-पाठ    —    card 2 of 2,assets/images/0653.png
654,654_v2ch135_title.png,135,title,The Staging of the Videha Drama Festival,विदेह नाट्य उत्सवक मंचन    Videha Nāṭya Utsavak Mañcan,assets/images/0654.png
655,655_v2ch135_memory-climbs-the-stage.png,135,content,"When memory climbs the stage, the calendar loses",The Staging of the Videha Drama Festival  ·  विदेह नाट्य उत्सवक मंचन    —    card 1 of 2,assets/images/0655.png
656,656_v2ch135_applause-must-be-stopped.png,135,appendix,Applause must be stopped,The Staging of the Videha Drama Festival  ·  विदेह नाट्य उत्सवक मंचन    —    card 2 of 2,assets/images/0656.png
657,657_v2ch136_title.png,136,title,The Silence After the Applause,तालीक बादक सन्नाटा    Tālīk Bādak Sannāṭā,assets/images/0657.png
658,658_v2ch136_silence-is-the-real-reward.png,136,content,The silence is the real reward,The Silence After the Applause  ·  तालीक बादक सन्नाटा    —    card 1 of 2,assets/images/0658.png
659,659_v2ch136_the-rivers-authorship.png,136,content,The river's authorship,The Silence After the Applause  ·  तालीक बादक सन्नाटा    —    card 2 of 2,assets/images/0659.png
660,660_v2ch137_title.png,137,title,The Testimony of the Spectator,दर्शकक गवाही    Darśakak Gavāhī,assets/images/0660.png
661,661_v2ch137_spectator-becomes-a-witness.png,137,content,When the spectator becomes a witness,The Testimony of the Spectator  ·  दर्शकक गवाही    —    card 1 of 2,assets/images/0661.png
662,662_v2ch137_not-a-role-but-your-own-name.png,137,content,"Not a role, but your own name",The Testimony of the Spectator  ·  दर्शकक गवाही    —    card 2 of 2,assets/images/0662.png
663,663_v2ch138_title.png,138,title,The Procession Beyond the Stage,मंचसँ बाहरक जुलूस    Mañcasã Bāharak Julūs,assets/images/0663.png
664,664_v2ch138_crowd-controlled-testimony-not.png,138,content,"A crowd can be controlled, testimony cannot",The Procession Beyond the Stage  ·  मंचसँ बाहरक जुलूस    —    card 1 of 2,assets/images/0664.png
665,665_v2ch138_much-printed-much-left-out.png,138,content,"As much as you print, that much is left out",The Procession Beyond the Stage  ·  मंचसँ बाहरक जुलूस    —    card 2 of 2,assets/images/0665.png
666,666_v2ch139_title.png,139,title,The Theatre of the Road,बाटक रंगमंच    Bāṭak Raṅgamañc,assets/images/0666.png
667,667_v2ch139_theatre-of-the-road.png,139,content,The theatre of the road,The Theatre of the Road  ·  बाटक रंगमंच    —    card 1 of 2,assets/images/0667.png
668,668_v2ch139_a-name-stopped-becomes-fire.png,139,content,A name stopped becomes fire,The Theatre of the Road  ·  बाटक रंगमंच    —    card 2 of 2,assets/images/0668.png
669,669_v2ch140_title.png,140,title,The Moving Assembly,चल चौपाल    Chal Chaupāl,assets/images/0669.png
670,670_v2ch140_the-moving-assembly.png,140,content,The moving assembly,The Moving Assembly  ·  चल चौपाल    —    card 1 of 1,assets/images/0670.png
671,671_v2ch141_title.png,141,title,The Verandah's Verdict,बरामदाक फैसला    Barāmadāk Phaisalā,assets/images/0671.png
672,672_v2ch141_a-date-is-a-piece-of-the-body.png,141,content,A date is a piece of the body,The Verandah's Verdict  ·  बरामदाक फैसला    —    card 1 of 2,assets/images/0672.png
673,673_v2ch141_verandah-is-unheard-ear.png,141,content,The verandah is the court's unheard ear,The Verandah's Verdict  ·  बरामदाक फैसला    —    card 2 of 2,assets/images/0673.png
674,674_v2ch142_title.png,142,title,The Dark of the Records-Room,रेकर्ड-घरक अन्हार    Rekarḍ-Gharak Anhār,assets/images/0674.png
675,675_v2ch142_time-that-stands-rots.png,142,content,"Time that stands, rots",The Dark of the Records-Room  ·  रेकर्ड-घरक अन्हार    —    card 1 of 2,assets/images/0675.png
676,676_v2ch142_a-file-someone-waits-is-alive.png,142,content,A file for which someone waits is alive,The Dark of the Records-Room  ·  रेकर्ड-घरक अन्हार    —    card 2 of 2,assets/images/0676.png
677,677_v2ch143_title.png,143,title,The Testimony of the Waste-Sack,रद्दी बोराक गवाही    Raddī Borāk Gavāhī,assets/images/0677.png
678,678_v2ch143_not-waste-but-insulted-paper.png,143,content,"Not waste, but insulted paper",The Testimony of the Waste-Sack  ·  रद्दी बोराक गवाही    —    card 1 of 2,assets/images/0678.png
679,679_v2ch143_a-warning-not-a-museum.png,143,content,"A warning, not a museum",The Testimony of the Waste-Sack  ·  रद्दी बोराक गवाही    —    card 2 of 2,assets/images/0679.png
680,680_v2ch144_title.png,144,title,The Journey of the Name,नामक यात्रा    Nāmak Yātrā,assets/images/0680.png
681,681_v2ch144_name-lives-on-the-threshold.png,144,content,The name lives on the threshold,The Journey of the Name  ·  नामक यात्रा    —    card 1 of 2,assets/images/0681.png
682,682_v2ch144_crocodile-eats-body-not-name.png,144,content,"The crocodile eats the body, not the name",The Journey of the Name  ·  नामक यात्रा    —    card 2 of 2,assets/images/0682.png
683,683_v2ch145_title.png,145,title,The First Crack in Fear,डरक पहिल दरार    Ḍarak Pahil Darār,assets/images/0683.png
684,684_v2ch145_the-first-crack-in-fear.png,145,content,The first crack in fear,The First Crack in Fear  ·  डरक पहिल दरार    —    card 1 of 2,assets/images/0684.png
685,685_v2ch145_silence-becomes-testimony.png,145,content,Silence becomes testimony,The First Crack in Fear  ·  डरक पहिल दरार    —    card 2 of 2,assets/images/0685.png
686,686_v2ch146_title.png,146,title,The Stain of the Seal,मुहरक दाग    Muharak Dāg,assets/images/0686.png
687,687_v2ch146_the-stain-is-on-the-hand.png,146,content,The stain is on the hand,The Stain of the Seal  ·  मुहरक दाग    —    card 1 of 2,assets/images/0687.png
688,688_v2ch146_show-the-humans-line-again.png,146,content,Show the human's line again,The Stain of the Seal  ·  मुहरक दाग    —    card 2 of 2,assets/images/0688.png
689,689_v2ch147_title.png,147,title,The Knock on Every Door,घर-घरक दस्तक    Ghar-Gharak Dastak,assets/images/0689.png
690,690_v2ch147_a-knock-not-an-order.png,147,content,"A knock, not an order",The Knock on Every Door  ·  घर-घरक दस्तक    —    card 1 of 2,assets/images/0690.png
691,691_v2ch147_closed-doors-are-also-an-answer.png,147,content,Closed doors are also an answer,The Knock on Every Door  ·  घर-घरक दस्तक    —    card 2 of 2,assets/images/0691.png
692,692_v2ch148_title.png,148,title,The Recognition of Adulteration,मिलावटक पहिचान    Milāvaṭak Pahicān,assets/images/0692.png
693,693_v2ch148_testing-protects-the-true.png,148,content,Testing protects the true,The Recognition of Adulteration  ·  मिलावटक पहिचान    —    card 1 of 2,assets/images/0693.png
694,694_v2ch148_the-scratch-that-marks-the-fake.png,148,content,The scratch that marks the fake,The Recognition of Adulteration  ·  मिलावटक पहिचान    —    card 2 of 2,assets/images/0694.png
695,695_v2ch149_title.png,149,title,The Map of the Web,जालक नक्शा    Jālak Nakśā,assets/images/0695.png
696,696_v2ch149_smoke-scratch-key-seal.png,149,content,"Smoke, scratch, key, seal",The Map of the Web  ·  जालक नक्शा    —    card 1 of 2,assets/images/0696.png
697,697_v2ch149_trembling-too-is-proof.png,149,content,Trembling too is proof,The Map of the Web  ·  जालक नक्शा    —    card 2 of 2,assets/images/0697.png
698,698_v2ch150_title.png,150,title,The Shadow of the Seal,मुहरक छाया    Muharak Chāyā,assets/images/0698.png
699,699_v2ch150_a-boundary-no-one-saw-drawn.png,150,content,A boundary no one saw drawn,The Shadow of the Seal  ·  मुहरक छाया    —    card 1 of 2,assets/images/0699.png
700,700_v2ch150_ill-make-seals-not-the-sin.png,150,content,"I'll make seals, not the sin of seals",The Shadow of the Seal  ·  मुहरक छाया    —    card 2 of 2,assets/images/0700.png
701,701_v2ch151_title.png,151,title,The Hand That Runs the Seal,मुहर चलौनिहार हाथ    Muhar Calaunihār Hāth,assets/images/0701.png
702,702_v2ch151_small-hands-one-large-harm.png,151,content,"Small hands, one large harm",The Hand That Runs the Seal  ·  मुहर चलौनिहार हाथ    —    card 1 of 2,assets/images/0702.png
703,703_v2ch151_instability-was-his-use.png,151,content,The instability was his use,The Hand That Runs the Seal  ·  मुहर चलौनिहार हाथ    —    card 2 of 2,assets/images/0703.png
704,704_v2ch152_title.png,152,title,The Source of the Order,आदेशक स्रोत    Ādeśak Srot,assets/images/0704.png
705,705_v2ch152_checking-the-soft-words.png,152,content,Checking the soft words,The Source of the Order  ·  आदेशक स्रोत    —    card 1 of 2,assets/images/0705.png
706,706_v2ch152_voluntary-under-coercion.png,152,content,"Voluntary, under coercion",The Source of the Order  ·  आदेशक स्रोत    —    card 2 of 2,assets/images/0706.png
707,707_v2ch153_title.png,153,title,The Name Behind the Symbol,संकेतक पाछाँ नाम    Saṅketak Pāchā̃ Nām,assets/images/0707.png
708,708_v2ch153_an-empty-peg-is-its-own-witness.png,153,content,An empty peg is its own witness,The Name Behind the Symbol  ·  संकेतक पाछाँ नाम    —    card 1 of 2,assets/images/0708.png
709,709_v2ch153_possibility-named-as-possibility.png,153,content,Possibility named as possibility,The Name Behind the Symbol  ·  संकेतक पाछाँ नाम    —    card 2 of 2,assets/images/0709.png
710,710_v2ch154_title.png,154,title,The Baba's Word,बाबाक वचन    Bābāk Vacan,assets/images/0710.png
711,711_v2ch154_kitchen-hears-more-than-court.png,154,content,The kitchen hears more than the court,The Baba's Word  ·  बाबाक वचन    —    card 1 of 2,assets/images/0711.png
712,712_v2ch154_charity-does-not-forgive-the-crime.png,154,content,Charity does not forgive the crime,The Baba's Word  ·  बाबाक वचन    —    card 2 of 2,assets/images/0712.png
713,713_v2ch155_title.png,155,title,The Ledger of Service,सेवाक खाता    Sevāk Khātā,assets/images/0713.png
714,714_v2ch155_aid-that-demands-silence-is-a-rope.png,155,content,Aid that demands silence is a rope,The Ledger of Service  ·  सेवाक खाता    —    card 1 of 2,assets/images/0714.png
715,715_v2ch155_the-silence-feast.png,155,content,The silence-feast,The Ledger of Service  ·  सेवाक खाता    —    card 2 of 2,assets/images/0715.png
716,716_v2ch156_title.png,156,title,The Debt of Charity,दानक ऋण    Dānak R̥ṇ,assets/images/0716.png
717,717_v2ch156_a-plate-on-sand.png,156,content,A plate on sand,The Debt of Charity  ·  दानक ऋण    —    card 1 of 2,assets/images/0717.png
718,718_v2ch156_the-reversed-debt.png,156,content,The reversed debt,The Debt of Charity  ·  दानक ऋण    —    card 2 of 2,assets/images/0718.png
719,719_v2ch157_title.png,157,title,The Iron Chest,लोहेक संदूक    Lohek Sandūk,assets/images/0719.png
720,720_v2ch157_consent-is-not-agreement.png,157,content,Consent is not the same as agreement,The Iron Chest  ·  लोहेक संदूक    —    card 1 of 2,assets/images/0720.png
721,721_v2ch157_an-unsigned-mark-of-power.png,157,content,An unsigned mark of power,The Iron Chest  ·  लोहेक संदूक    —    card 2 of 2,assets/images/0721.png
722,722_v2ch158_title.png,158,title,The Matching of the Consent-Copies,सहमति-कापीक मिलान    Sahamati-Kāpīk Milān,assets/images/0722.png
723,723_v2ch158_family-by-family-word-restored.png,158,content,"Family by family, word restored",The Matching of the Consent-Copies  ·  सहमति-कापीक मिलान    —    card 1 of 2,assets/images/0723.png
724,724_v2ch158_a-dead-mans-name.png,158,content,A dead man's name,The Matching of the Consent-Copies  ·  सहमति-कापीक मिलान    —    card 2 of 2,assets/images/0724.png
725,725_v2ch159_title.png,159,title,A Dead Man's Consent,मृतकक सहमति    Mr̥takak Sahamati,assets/images/0725.png
726,726_v2ch159_the-gap-between-two-dates.png,159,content,The gap between two dates,A Dead Man's Consent  ·  मृतकक सहमति    —    card 1 of 2,assets/images/0726.png
727,727_v2ch159_a-trembling-hand-knows-its-way-home.png,159,content,A trembling hand knows its way home,A Dead Man's Consent  ·  मृतकक सहमति    —    card 2 of 2,assets/images/0727.png
728,728_v2ch160_title.png,160,title,The Shadow of the Warehouse,गोदामक छाया    Godāmak Chāyā,assets/images/0728.png
729,729_v2ch160_a-rented-key-an-unspoken-name.png,160,content,"A rented key, an unspoken name",The Shadow of the Warehouse  ·  गोदामक छाया    —    card 1 of 2,assets/images/0729.png
730,730_v2ch160_categorized-as-prey-not-as-people.png,160,content,"Categorized as prey, not as people",The Shadow of the Warehouse  ·  गोदामक छाया    —    card 2 of 2,assets/images/0730.png
731,731_v2ch161_title.png,161,title,The Phone's Captivity,फोनक कैद    Phonak Kaid,assets/images/0731.png
732,732_v2ch161_tell-no-one-is-a-lock-from-within.png,161,content,"""Tell no one"" is a lock from within",The Phone's Captivity  ·  फोनक कैद    —    card 1 of 2,assets/images/0732.png
733,733_v2ch161_together-we-speak-the-lock-weakens.png,161,content,Together we speak — the lock weakens,The Phone's Captivity  ·  फोनक कैद    —    card 2 of 2,assets/images/0733.png
734,734_v2ch162_title.png,162,title,The Seal of the Voice,आवाजक मोहर    Āvājak Mohar,assets/images/0734.png
735,735_v2ch162_a-forger-fears-the-question.png,162,content,A forger fears the question,The Seal of the Voice  ·  आवाजक मोहर    —    card 1 of 2,assets/images/0735.png
736,736_v2ch162_the-same-troupe-many-masks.png,162,content,"The same troupe, many masks",The Seal of the Voice  ·  आवाजक मोहर    —    card 2 of 2,assets/images/0736.png
737,737_v2ch163_title.png,163,title,The Mark of the Removed Paper,हटायल कागजक निशान    Haṭāyal Kāgajak Niśān,assets/images/0737.png
738,738_v2ch163_dust-is-the-oldest-witness.png,163,content,Dust is the oldest witness,The Mark of the Removed Paper  ·  हटायल कागजक निशान    —    card 1 of 2,assets/images/0738.png
739,739_v2ch163_a-living-mans-death-paper.png,163,content,A living man's death-paper,The Mark of the Removed Paper  ·  हटायल कागजक निशान    —    card 2 of 2,assets/images/0739.png
740,740_v2ch164_title.png,164,title,The Belly of Chandrapal's Shadow,चन्द्रपालक छायाक पेट    Candrapālak Chāyāk Peṭ,assets/images/0740.png
741,741_v2ch164_service-is-the-most-dangerous-word.png,164,content,"""Service"" is the most dangerous word",The Belly of Chandrapal's Shadow  ·  चन्द्रपालक छायाक पेट    —    card 1 of 2,assets/images/0741.png
742,742_v2ch164_the-predators-own-map.png,164,content,The predator's own map,The Belly of Chandrapal's Shadow  ·  चन्द्रपालक छायाक पेट    —    card 2 of 2,assets/images/0742.png
743,743_v2ch165_title.png,165,title,The Body of the Shadow,छायाक देह    Chāyāk Deha,assets/images/0743.png
744,744_v2ch165_calling-a-name-trembles-the-guilty.png,165,content,Calling a name trembles the guilty,The Body of the Shadow  ·  छायाक देह    —    card 1 of 2,assets/images/0744.png
745,745_v2ch165_following-the-shadow-to-the-river.png,165,content,Following the shadow to the river,The Body of the Shadow  ·  छायाक देह    —    card 2 of 2,assets/images/0745.png
746,746_v2ch166_title.png,166,title,The Storehouse of Tamarind Ghat,इमली घाटक कोठार    Imalī Ghāṭak Koṭhār,assets/images/0746.png
747,747_v2ch166_let-the-air-out-first.png,166,content,Let the air out first,The Storehouse of Tamarind Ghat  ·  इमली घाटक कोठार    —    card 1 of 2,assets/images/0747.png
748,748_v2ch166_five-red-ledgers.png,166,content,Five red ledgers,The Storehouse of Tamarind Ghat  ·  इमली घाटक कोठार    —    card 2 of 2,assets/images/0748.png
749,749_v2ch167_title.png,167,title,The Voice from Across the River,नदी पारक आवाज    Nadī Pārak Āvāj,assets/images/0749.png
750,750_v2ch167_a-mother-knows-breath-not-just-tone.png,167,content,"A mother knows breath, not just tone",The Voice from Across the River  ·  नदी पारक आवाज    —    card 1 of 2,assets/images/0750.png
751,751_v2ch167_grief-made-into-evidence.png,167,content,Grief made into evidence,The Voice from Across the River  ·  नदी पारक आवाज    —    card 2 of 2,assets/images/0751.png
752,752_v2ch168_title.png,168,title,The City's Throat,शहरक गला    Śaharak Galā,assets/images/0752.png
753,753_v2ch168_grief-becomes-a-list-then-a-price.png,168,content,"Grief becomes a list, then a price",The City's Throat  ·  शहरक गला    —    card 1 of 2,assets/images/0753.png
754,754_v2ch168_following-the-name-to-the-city.png,168,content,Following the name to the city,The City's Throat  ·  शहरक गला    —    card 2 of 2,assets/images/0754.png
755,755_v2ch169_title.png,169,title,Chandra Two's Doorway,चन्द्र दूक दरबज्जा    Candra Dūk Darbajjā,assets/images/0755.png
756,756_v2ch169_the-theft-of-trust.png,169,content,The theft of trust,Chandra Two's Doorway  ·  चन्द्र दूक दरबज्जा    —    card 1 of 2,assets/images/0756.png
757,757_v2ch169_the-name-behind-the-name.png,169,content,The name behind the name,Chandra Two's Doorway  ·  चन्द्र दूक दरबज्जा    —    card 2 of 2,assets/images/0757.png
758,758_v2ch170_title.png,170,title,Chandra One's Shell,चन्द्र एकक खोल    Candra Ekak Khol,assets/images/0758.png
759,759_v2ch170_the-oldest-lock-is-a-fatherly-voice.png,170,content,The oldest lock is a fatherly voice,Chandra One's Shell  ·  चन्द्र एकक खोल    —    card 1 of 2,assets/images/0759.png
760,760_v2ch170_the-remedy-is-to-speak.png,170,content,The remedy is to speak,Chandra One's Shell  ·  चन्द्र एकक खोल    —    card 2 of 2,assets/images/0760.png
761,761_v2ch171_title.png,171,title,The Invisible Court of the Grove,चन्ना गाछीक अदृश्य अदालत    Cannā Gāchīk Adr̥śya Adālat,assets/images/0761.png
762,762_v2ch171_speaking-a-fear-reveals-its-limit.png,171,content,Speaking a fear reveals its limit,The Invisible Court of the Grove  ·  चन्ना गाछीक अदृश्य अदालत    —    card 1 of 2,assets/images/0762.png
763,763_v2ch171_silence-was-the-trap-not-the-shield.png,171,content,"Silence was the trap, not the shield",The Invisible Court of the Grove  ·  चन्ना गाछीक अदृश्य अदालत    —    card 2 of 2,assets/images/0763.png
764,764_v2ch172_title.png,172,title,The Reading of the Knots,गाँठक पढ़नाइ    Gā̃ṭhak Paḍhanāi,assets/images/0764.png
765,765_v2ch172_never-a-jerk-always-a-question.png,172,content,"Never a jerk, always a question",The Reading of the Knots  ·  गाँठक पढ़नाइ    —    card 1 of 2,assets/images/0765.png
766,766_v2ch172_a-written-trail-and-a-new-danger.png,172,content,"A written trail, and a new danger",The Reading of the Knots  ·  गाँठक पढ़नाइ    —    card 2 of 2,assets/images/0766.png
767,767_v2ch173_title.png,173,title,The Watch Over the Register,पंजीक पहरा    Pañjīk Paharā,assets/images/0767.png
768,768_v2ch173_special-attention-two-meanings.png,173,content,"""Special attention"" — two meanings",The Watch Over the Register  ·  पंजीक पहरा    —    card 1 of 2,assets/images/0768.png
769,769_v2ch173_our-right-to-keep-our-own-watch.png,173,content,Our right to keep our own watch,The Watch Over the Register  ·  पंजीक पहरा    —    card 2 of 2,assets/images/0769.png
770,770_v2ch174_title.png,174,title,The Threshold of the Invisible Court,अदृश्य अदालतक चौखट    Adr̥śya Adālatak Caukhaṭ,assets/images/0770.png
771,771_v2ch174_when-paper-says-absent-body-becomes-proof.png,174,content,"When paper says ""absent,"" the body becomes proof",The Threshold of the Invisible Court  ·  अदृश्य अदालतक चौखट    —    card 1 of 2,assets/images/0771.png
772,772_v2ch174_an-unnamed-objection-is-itself-suspect.png,174,content,An unnamed objection is itself suspect,The Threshold of the Invisible Court  ·  अदृश्य अदालतक चौखट    —    card 2 of 2,assets/images/0772.png
773,773_v2ch175_title.png,175,title,The Seal-Bearer's Name,मुहरबाहकक नाम    Muharabāhakak Nām,assets/images/0773.png
774,774_v2ch175_a-sons-true-test.png,175,content,A son's true test,The Seal-Bearer's Name  ·  मुहरबाहकक नाम    —    card 1 of 2,assets/images/0774.png
775,775_v2ch175_whispers-are-a-direction-not-proof.png,175,content,"Whispers are a direction, not proof",The Seal-Bearer's Name  ·  मुहरबाहकक नाम    —    card 2 of 2,assets/images/0775.png
776,776_v2ch176_title.png,176,title,The Darkness of the Service-Ceremony,सेवा-समारोहक अन्हार    Sevā-Samārohak Anhār,assets/images/0776.png
777,777_v2ch176_light-can-wear-darkness-as-its-clothing.png,176,content,Light can wear darkness as its clothing,The Darkness of the Service-Ceremony  ·  सेवा-समारोहक अन्हार    —    card 1 of 2,assets/images/0777.png
778,778_v2ch176_the-cloth-remembers-what-people-forgot.png,176,content,The cloth remembers what people forgot,The Darkness of the Service-Ceremony  ·  सेवा-समारोहक अन्हार    —    card 2 of 2,assets/images/0778.png
779,779_v2ch177_title.png,177,title,House-to-House Papers,घर-घरक कागज    Ghar-Gharak Kāgaj,assets/images/0779.png
780,780_v2ch177_one-person-four-names.png,177,content,"One person, four names",House-to-House Papers  ·  घर-घरक कागज    —    card 1 of 2,assets/images/0780.png
781,781_v2ch177_not-blame-but-honest-reckoning.png,177,content,"Not blame, but honest reckoning",House-to-House Papers  ·  घर-घरक कागज    —    card 2 of 2,assets/images/0781.png
782,782_v2ch178_title.png,178,title,The Upper Chamber,ऊपरक कोठरी    Ūparak Koṭharī,assets/images/0782.png
783,783_v2ch178_dust-is-a-forgetting-not-a-fault.png,178,content,"Dust is a forgetting, not a fault",The Upper Chamber  ·  ऊपरक कोठरी    —    card 1 of 2,assets/images/0783.png
784,784_v2ch178_a-stolen-voice-not-a-translation.png,178,content,"A stolen voice, not a translation",The Upper Chamber  ·  ऊपरक कोठरी    —    card 2 of 2,assets/images/0784.png
785,785_v2ch179_title.png,179,title,The Seal's Footprints,मुहरक पगचिन्ह    Muharak Pagacinha,assets/images/0785.png
786,786_v2ch179_the-seal-is-an-innocent-child.png,179,content,The seal is an innocent child; the hand is not,The Seal's Footprints  ·  मुहरक पगचिन्ह    —    card 1 of 2,assets/images/0786.png
787,787_v2ch179_following-the-moneys-own-footprints.png,179,content,Following the money's own footprints,The Seal's Footprints  ·  मुहरक पगचिन्ह    —    card 2 of 2,assets/images/0787.png
788,788_v2ch180_title.png,180,title,The City's Account,शहरक खाता    Śaharak Khātā,assets/images/0788.png
789,789_v2ch180_the-body-of-the-crime-not-just-its-footprint.png,180,content,"The body of the crime, not just its footprint",The City's Account  ·  शहरक खाता    —    card 1 of 2,assets/images/0789.png
790,790_v2ch180_a-threat-becomes-evidence-not-silence.png,180,content,"A threat becomes evidence, not silence",The City's Account  ·  शहरक खाता    —    card 2 of 2,assets/images/0790.png
791,791_v2ch181_title.png,181,title,The SIM's Shadow,सिमक छाया    Simak Chāyā,assets/images/0791.png
792,792_v2ch181_stealing-a-name-to-threaten-with-it.png,181,content,Stealing a name to threaten with it,The SIM's Shadow  ·  सिमक छाया    —    card 1 of 2,assets/images/0792.png
793,793_v2ch181_order-not-a-crowd-protects-the-truth.png,181,content,"Order, not a crowd, protects the truth",The SIM's Shadow  ·  सिमक छाया    —    card 2 of 2,assets/images/0793.png
794,794_v2ch182_title.png,182,title,The Door of the Hariharan Service Center,हरिहर सेवा केंद्रक दरबाजा    Hariharan Sevā Kendrak Darabajā,assets/images/0794.png
795,795_v2ch182_an-elderly-watchman-finds-his-true-courage.png,182,content,An elderly watchman finds his true courage,The Door of the Hariharan Service Center  ·  हरिहर सेवा केंद्रक दरबाजा    —    card 1 of 2,assets/images/0795.png
796,796_v2ch182_consents-thumbprint-someone-elses-sentence.png,182,content,"Consent's thumbprint, someone else's sentence",The Door of the Hariharan Service Center  ·  हरिहर सेवा केंद्रक दरबाजा    —    card 2 of 2,assets/images/0796.png
797,797_v2ch183_title.png,183,title,The Face Inside the Phone,फोनक भीतरक चेहरा    Phonak Bhītarak Cehrā,assets/images/0797.png
798,798_v2ch183_proof-deserves-same-dignity-as-person.png,183,content,Proof deserves the same dignity as a person,The Face Inside the Phone  ·  फोनक भीतरक चेहरा    —    card 1 of 2,assets/images/0798.png
799,799_v2ch183_fear-too-asks-permission.png,183,content,Fear too asks permission,The Face Inside the Phone  ·  फोनक भीतरक चेहरा    —    card 2 of 2,assets/images/0799.png
800,800_v2ch184_title.png,184,title,The Mask of the Voice,आवाजक नकाब    Āvājak Nakāb,assets/images/0800.png
801,801_v2ch184_a-lamp-toward-truth-not-the-verdict.png,184,content,"A lamp toward truth, not the verdict itself",The Mask of the Voice  ·  आवाजक नकाब    —    card 1 of 2,assets/images/0801.png
802,802_v2ch184_even-the-guilty-are-heard-not-chased.png,184,content,"Even the guilty are heard, not chased down",The Mask of the Voice  ·  आवाजक नकाब    —    card 2 of 2,assets/images/0802.png
803,803_v2ch185_title.png,185,title,The Master's Room,मास्टरक कमरा    Māsṭarak Kamarā,assets/images/0803.png
804,804_v2ch185_procedure-opens-before-any-lock-does.png,185,content,Procedure opens before any lock does,The Master's Room  ·  मास्टरक कमरा    —    card 1 of 2,assets/images/0804.png
805,805_v2ch185_a-name-shortened-a-trail-not-shortened.png,185,content,"A name shortened, a trail not shortened",The Master's Room  ·  मास्टरक कमरा    —    card 2 of 2,assets/images/0805.png
806,806_v2ch186_title.png,186,title,Madhvesh's Real Name,मधवेशक असली नाम    Madhaveśak Asalī Nām,assets/images/0806.png
807,807_v2ch186_naming-without-blaming-a-whole-village.png,186,content,Naming without blaming a whole village,Madhvesh's Real Name  ·  मधवेशक असली नाम    —    card 1 of 2,assets/images/0807.png
808,808_v2ch186_one-bee-caught-but-where-is-honey.png,186,content,"One bee caught, but where is the honey stored?",Madhvesh's Real Name  ·  मधवेशक असली नाम    —    card 2 of 2,assets/images/0808.png
809,809_v2ch187_title.png,187,title,The Queen Inside the Hive,छत्ताक भीतरक रानी    Chattāk Bhītarak Rānī,assets/images/0809.png
810,810_v2ch187_a-name-read-is-not-a-crime-confirmed.png,187,content,A name read is not a crime confirmed,The Queen Inside the Hive  ·  छत्ताक भीतरक रानी    —    card 1 of 2,assets/images/0810.png
811,811_v2ch187_a-vault-built-from-presumed-weakness.png,187,content,A vault built from presumed weakness,The Queen Inside the Hive  ·  छत्ताक भीतरक रानी    —    card 2 of 2,assets/images/0811.png
812,812_v2ch188_title.png,188,title,Maheshwar's Seal,महेश्वरक मुहर    Maheśvarak Muhar,assets/images/0812.png
813,813_v2ch188_one-seal-deliberately-worn-as-three-masks.png,188,content,"One seal, deliberately worn as three masks",Maheshwar's Seal  ·  महेश्वरक मुहर    —    card 1 of 2,assets/images/0813.png
814,814_v2ch188_blank-letterheads-and-a-watchmans-late-courage.png,188,content,"Blank letterheads, and a watchman's late courage",Maheshwar's Seal  ·  महेश्वरक मुहर    —    card 2 of 2,assets/images/0814.png
815,815_v2ch189_title.png,189,title,The Iron Chest,लोहेक पेटी    Lohek Peṭī,assets/images/0815.png
816,816_v2ch189_opened-as-testimony-not-curiosity.png,189,content,"Opened as testimony, not curiosity",The Iron Chest  ·  लोहेक पेटी    —    card 1 of 2,assets/images/0816.png
817,817_v2ch189_a-laborers-unfinished-record.png,189,content,A laborer's unfinished record,The Iron Chest  ·  लोहेक पेटी    —    card 2 of 2,assets/images/0817.png
818,818_v2ch190_title.png,190,title,The Blue Register,नील पंजी    Nīl Pañjī,assets/images/0818.png
819,819_v2ch190_a-map-of-exploitable-fear.png,190,content,A map of exploitable fear,The Blue Register  ·  नील पंजी    —    card 1 of 2,assets/images/0819.png
820,820_v2ch190_restoring-a-name-not-just-reading-one.png,190,content,"Restoring a name, not just reading one",The Blue Register  ·  नील पंजी    —    card 2 of 2,assets/images/0820.png
821,821_v2ch191_title.png,191,title,Dhruvesh's Chair,ध्रुवेशक कुर्सी    Dhruveśak Kursī,assets/images/0821.png
822,822_v2ch191_a-forbidden-room-finally-opened.png,191,content,A forbidden room finally opened,Dhruvesh's Chair  ·  ध्रुवेशक कुर्सी    —    card 1 of 2,assets/images/0822.png
823,823_v2ch191_instructions-for-fear-hidden-beneath-comfort.png,191,content,"Instructions for fear, hidden beneath comfort",Dhruvesh's Chair  ·  ध्रुवेशक कुर्सी    —    card 2 of 2,assets/images/0823.png
824,824_v2ch192_title.png,192,title,The Voice of the Closed Recorder,बन्द रेकॉर्डरक स्वर    Banda Rekārḍarak Svar,assets/images/0824.png
825,825_v2ch192_a-captured-voice-deserves-protected-hearing.png,192,content,A captured voice deserves a protected hearing,The Voice of the Closed Recorder  ·  बन्द रेकॉर्डरक स्वर    —    card 1 of 2,assets/images/0825.png
826,826_v2ch192_an-old-fear-still-trembling-in-the-room.png,192,content,"An old fear, still trembling in the room",The Voice of the Closed Recorder  ·  बन्द रेकॉर्डरक स्वर    —    card 2 of 2,assets/images/0826.png
827,827_v2ch193_title.png,193,title,The Face of the Voice,आवाजक चेहरा    Āvājak Cehrā,assets/images/0827.png
828,828_v2ch193_a-lead-patiently-pursued.png,193,content,"A lead, patiently pursued",The Face of the Voice  ·  आवाजक चेहरा    —    card 1 of 2,assets/images/0828.png
829,829_v2ch193_first-trust-then-fear.png,193,content,"""First trust, then fear""",The Face of the Voice  ·  आवाजक चेहरा    —    card 2 of 2,assets/images/0829.png
830,830_v2ch194_title.png,194,title,The Summons of Breath,साँसक समन    Sā̃sak Saman,assets/images/0830.png
831,831_v2ch194_a-summons-is-a-call-not-a-punishment.png,194,content,"A summons is a call, not a punishment",The Summons of Breath  ·  साँसक समन    —    card 1 of 2,assets/images/0831.png
832,832_v2ch194_a-couriers-fear-honored-with-care.png,194,content,"A courier's fear, honored with care",The Summons of Breath  ·  साँसक समन    —    card 2 of 2,assets/images/0832.png
833,833_v2ch195_title.png,195,title,The Frozen Account,रोकल खाता    Rokal Khātā,assets/images/0833.png
834,834_v2ch195_a-freeze-is-discipline-not-vengeance.png,195,content,"A freeze is discipline, not vengeance",The Frozen Account  ·  रोकल खाता    —    card 1 of 2,assets/images/0834.png
835,835_v2ch195_fear-finally-speaks-its-true-language.png,195,content,Fear finally speaks its true language,The Frozen Account  ·  रोकल खाता    —    card 2 of 2,assets/images/0835.png
836,836_v2ch196_title.png,196,title,The Meaning of Jalsamadhi,जलसमाधिक अर्थ    Jalasamādhik Artha,assets/images/0836.png
837,837_v2ch196_water-is-not-the-criminal.png,196,content,Water is not the criminal,The Meaning of Jalsamadhi  ·  जलसमाधिक अर्थ    —    card 1 of 2,assets/images/0837.png
838,838_v2ch196_a-definition-finally-spoken.png,196,content,A definition finally spoken,The Meaning of Jalsamadhi  ·  जलसमाधिक अर्थ    —    card 2 of 2,assets/images/0838.png
839,839_v2ch197_title.png,197,title,The Name Risen Above,ऊपर उठल नाम    Ūpar Uṭhal Nām,assets/images/0839.png
840,840_v2ch197_consent-is-the-first-offering.png,197,content,Consent is the first offering,The Name Risen Above  ·  ऊपर उठल नाम    —    card 1 of 2,assets/images/0840.png
841,841_v2ch197_waiting-deserves-its-own-home.png,197,content,Waiting deserves its own home,The Name Risen Above  ·  ऊपर उठल नाम    —    card 2 of 2,assets/images/0841.png
842,842_v2ch198_title.png,198,title,The Criminal's Own Ground,अपराधीक धरती    Aparādhīk Dharatī,assets/images/0842.png
843,843_v2ch198_distance-not-anger-reads-the-truth.png,198,content,"Distance, not anger, reads the truth",The Criminal's Own Ground  ·  अपराधीक धरती    —    card 1 of 2,assets/images/0843.png
844,844_v2ch198_a-bare-foot-is-not-mocked.png,198,content,A bare foot is not mocked,The Criminal's Own Ground  ·  अपराधीक धरती    —    card 2 of 2,assets/images/0844.png
845,845_v2ch199_title.png,199,title,The Dawn Inside the Chest,संदूकक भीतरक बिहान    Sandūkak Bhītarak Bihān,assets/images/0845.png
846,846_v2ch199_opened-as-a-wounds-bandage-not-a-spectacle.png,199,content,"Opened as a wound's bandage, not a spectacle",The Dawn Inside the Chest  ·  संदूकक भीतरक बिहान    —    card 1 of 2,assets/images/0846.png
847,847_v2ch199_eligibility-is-a-word-cold-enough.png,199,content,"""Eligibility"" is a word cold enough to freeze a body",The Dawn Inside the Chest  ·  संदूकक भीतरक बिहान    —    card 2 of 2,assets/images/0847.png
848,848_v2ch200_title.png,200,title,The Guardian of the Name,नामक पहरुआ    Nāmak Paharuā,assets/images/0848.png
849,849_v2ch200_a-register-of-silence-not-only-of-crime.png,200,content,"A register of silence, not only of crime",The Guardian of the Name  ·  नामक पहरुआ    —    card 1 of 3,assets/images/0849.png
850,850_v2ch200_the-oldest-refrain-returns-transformed.png,200,content,"The oldest refrain returns, transformed",The Guardian of the Name  ·  नामक पहरुआ    —    card 2 of 3,assets/images/0850.png
851,851_v2ch200_the-watch-becomes-the-living-game.png,200,content,The watch becomes the living game,The Guardian of the Name  ·  नामक पहरुआ    —    card 3 of 3,assets/images/0851.png
852,852_app2ch101_title.png,2,appendix-title,2-101,,assets/images/0852.png
853,853_app2ch101_traveling-light-with-name-as-only-lamp.png,,appendix,2-101,The Invitation of the Nameless Planet  ·  अनाम ग्रहक आमन्त्रण    —    card 1 of 1,assets/images/0853.png
854,854_app2ch102_title.png,2,appendix-title,2-102,,assets/images/0854.png
855,855_app2ch102_four-turns-one-game.png,,appendix,2-102,Kabaddi Between the Planets  ·  ग्रहक बीच कबड्डी    —    card 1 of 1,assets/images/0855.png
856,856_app2ch103_title.png,2,appendix-title,2-103,,assets/images/0856.png
857,857_app2ch103_thread-strung-across-the-sky.png,,appendix,2-103,The Name-Reading on the Nameless Planet  ·  अनाम ग्रह पर नाम-पाठ    —    card 1 of 1,assets/images/0857.png
858,858_app2ch104_title.png,2,appendix-title,2-104,,assets/images/0858.png
859,859_app2ch104_homecoming-as-chosen-dignity.png,,appendix,2-104,Garh Nārikel Chooses Earth Again  ·  गढ़ नारिकेल फेर पृथ्वी चुनैत अछि    —    card 1 of 1,assets/images/0859.png
860,860_appdraft_title.png,,appendix-title,2D,,assets/images/0860.png
861,861_appdraft_a-second-play-story-dares-not-finish.png,,appendix,2D,The Videha Drama Festival — Second Draft (Unfinished)  ·  विदेह नाट्य उत्सव (दोसर प्रारूप — अपूर्ण)    —    card 1 of 2,assets/images/0861.png
862,862_appdraft_a-blank-page-left-open-on-purpose.png,,appendix,2D,The Videha Drama Festival — Second Draft (Unfinished)  ·  विदेह नाट्य उत्सव (दोसर प्रारूप — अपूर्ण)    —    card 2 of 2,assets/images/0862.png
863,863_app1grp01_title-landmarks-that-remember.png,1,appendix-title,1.1-6,,assets/images/0863.png
864,864_app1grp01_what-ruins-wells-puddles-remember.png,,appendix,1.1-6,"Landmarks That Remember  ·  खण्डहर, गहबर, इनार, डबरा, घाट, नाव    —    card 1 of 2",assets/images/0864.png
865,865_app1grp01_a-puddles-moon-and-a-red-turbans-courage.png,,appendix,1.1-6,"Landmarks That Remember  ·  खण्डहर, गहबर, इनार, डबरा, घाट, नाव    —    card 2 of 2",assets/images/0865.png
866,866_app1grp02_title-lullabies-blessings-verse-traveled.png,1,appendix-title,1.7-12,,assets/images/0866.png
867,867_app1grp02_comfort-in-flood-blessing-in-rain.png,,appendix,1.7-12,"Lullabies, Blessings, and a Verse That Traveled  ·  लोरी, मंगल, पुकार, बाढ़ि, कटाक्ष, परदेशी-स्मरण    —    card 1 of 2",assets/images/0867.png
868,868_app1grp02_fighting-flood-line-reached-market.png,,appendix,1.7-12,"Lullabies, Blessings, and a Verse That Traveled  ·  लोरी, मंगल, पुकार, बाढ़ि, कटाक्ष, परदेशी-स्मरण    —    card 2 of 2",assets/images/0868.png
869,869_app1grp03_title-naming-fear-housework-ethics-digging.png,1,appendix-title,1.13-18,,assets/images/0869.png
870,870_app1grp03_naming-fear-until-it-shrinks.png,,appendix,1.13-18,"Naming Fear, Housework, and the Ethics of Digging  ·  भय, कुटाइ, घर-छारब, माटि-काटब, बान्ह, पोखरि    —    card 1 of 2",assets/images/0870.png
871,871_app1grp03_earth-taken-with-permission.png,,appendix,1.13-18,"Naming Fear, Housework, and the Ethics of Digging  ·  भय, कुटाइ, घर-छारब, माटि-काटब, बान्ह, पोखरि    —    card 2 of 2",assets/images/0871.png
872,872_app1grp04_title-carrying-pulling-gathering-choosing-plowing-bordering.png,1,appendix-title,1.19-24,,assets/images/0872.png
873,873_app1grp04_songs-that-make-many-hands-one.png,,appendix,1.19-24,"Carrying, Pulling, Gathering, Choosing, Plowing, Bordering  ·  भार, नाव-खिंचब, जाल, बीआ, जोतब, मेड़    —    card 1 of 2",assets/images/0873.png
874,874_app1grp04_the-fields-first-steps.png,,appendix,1.19-24,"Carrying, Pulling, Gathering, Choosing, Plowing, Bordering  ·  भार, नाव-खिंचब, जाल, बीआ, जोतब, मेड़    —    card 2 of 2",assets/images/0874.png
875,875_app1grp05_title-waiting-rain-weeding-watering-first-cut.png,1,appendix-title,1.25-30,,assets/images/0875.png
876,876_app1grp05_watching-sky-weeding-field.png,,appendix,1.25-30,"Waiting for Rain, Weeding, Watering, and the First Cut  ·  वर्षा-प्रतीक्षा, सोहनी, पटौनी, रोग-पोका, कटनी, बोझा    —    card 1 of 2",assets/images/0876.png
877,877_app1grp05_naming-pest-honoring-harvest.png,,appendix,1.25-30,"Waiting for Rain, Weeding, Watering, and the First Cut  ·  वर्षा-प्रतीक्षा, सोहनी, पटौनी, रोग-पोका, कटनी, बोझा    —    card 2 of 2",assets/images/0877.png
878,878_app1grp06_title-threshing-storing-fishing-spinning-craftsman.png,1,appendix-title,1.31-36,,assets/images/0878.png
879,879_app1grp06_circling-ox-watching-wind.png,,appendix,1.31-36,"Threshing, Storing, Fishing, Spinning, and the Craftsman's Hand  ·  दाउन, मड़ाइ, भण्डार, मछैर, चरखा-कोल्हु, कारीगर    —    card 1 of 2",assets/images/0879.png
880,880_app1grp06_restraint-on-river-rhythm-in-workshop.png,,appendix,1.31-36,"Threshing, Storing, Fishing, Spinning, and the Craftsman's Hand  ·  दाउन, मड़ाइ, भण्डार, मछैर, चरखा-कोल्हु, कारीगर    —    card 2 of 2",assets/images/0880.png
881,881_app1grp07_title-livestock-market-drought-first-rites.png,1,appendix-title,1.37-42,,assets/images/0881.png
882,882_app1grp07_caring-for-animals-market-scarcity.png,,appendix,1.37-42,"Livestock, Market, Drought, and the First Rites of Life  ·  पशुपालन, हाट, रौदी, नामकरण, मुड़न, उपनयन    —    card 1 of 2",assets/images/0882.png
883,883_app1grp07_a-childs-first-names-and-duties.png,,appendix,1.37-42,"Livestock, Market, Drought, and the First Rites of Life  ·  पशुपालन, हाट, रौदी, नामकरण, मुड़न, उपनयन    —    card 2 of 2",assets/images/0883.png
884,884_app1grp08_title-marriage-motherhood-old-age-daily-rhythm.png,1,appendix-title,1.43-48,,assets/images/0884.png
885,885_app1grp08_marriages-first-rule-motherhoods-ask.png,,appendix,1.43-48,"Marriage, Motherhood, Old Age, and Daily Rhythm  ·  गौना, गर्भ, वृद्धावस्था, आँगन, व्रत-कथा, रसोइ    —    card 1 of 2",assets/images/0885.png
886,886_app1grp08_courtyards-renewal-kitchens-music.png,,appendix,1.43-48,"Marriage, Motherhood, Old Age, and Daily Rhythm  ·  गौना, गर्भ, वृद्धावस्था, आँगन, व्रत-कथा, रसोइ    —    card 2 of 2",assets/images/0886.png
887,887_app1grp09_title-small-watches-painting-clay-mended-cloth.png,1,appendix-title,1.49-54,,assets/images/0887.png
888,888_app1grp09_small-watches-painted-eyes-never-close.png,,appendix,1.49-54,"Small Watches, Painting, Clay, and Mended Cloth  ·  देखभाल, मिथिला-चित्रकला, माटिक पूजा-वस्तु, सिलाइ-कढ़ाइ, सजावट, दहेज    —    card 1 of 2",assets/images/0888.png
889,889_app1grp09_mended-cloth-wedding-order-honest-refusal.png,,appendix,1.49-54,"Small Watches, Painting, Clay, and Mended Cloth  ·  देखभाल, मिथिला-चित्रकला, माटिक पूजा-वस्तु, सिलाइ-कढ़ाइ, सजावट, दहेज    —    card 2 of 2",assets/images/0889.png
890,890_app1grp10_title-wedding-satire-two-festivals-household-gods.png,1,appendix-title,1.55-60,,assets/images/0890.png
891,891_app1grp10_laughter-corrects-questions-keep-faith.png,,appendix,1.55-60,"Wedding Satire, Two Great Festivals, and Household Gods  ·  गारी, मधुश्रावणी, सामा-चकेवा, भगवती, घरक देवता, ग्राम-देवता    —    card 1 of 2",assets/images/0891.png
892,892_app1grp10_honoring-hidden-labor-shrine-every-threshold.png,,appendix,1.55-60,"Wedding Satire, Two Great Festivals, and Household Gods  ·  गारी, मधुश्रावणी, सामा-चकेवा, भगवती, घरक देवता, ग्राम-देवता    —    card 2 of 2",assets/images/0892.png
893,893_app1grp11_title-judgment-patience-autumn-festivals.png,1,appendix-title,1.61-66,,assets/images/0893.png
894,894_app1grp11_judgment-weighed-labor-patience-found-sorrow.png,,appendix,1.61-66,"Judgment, Patience, and the Great Autumn Festivals  ·  धर्मराज, शिव, विष्णु, दुर्गापूजा, सूर्य-छठि, मर्सिया    —    card 1 of 2",assets/images/0894.png
895,895_app1grp11_great-autumn-festivals-grief-given-shape.png,,appendix,1.61-66,"Judgment, Patience, and the Great Autumn Festivals  ·  धर्मराज, शिव, विष्णु, दुर्गापूजा, सूर्य-छठि, मर्सिया    —    card 2 of 2",assets/images/0895.png
896,896_app1grp12_title-shared-faith-riddles-names-tall-tale.png,1,appendix-title,1.67-72,,assets/images/0896.png
897,897_app1grp12_shared-shrine-playful-wit.png,,appendix,1.67-72,"Shared Faith, Riddles, Names, and the Art of the Tall Tale  ·  फकीरी, पहेली, उपनाम, अतिशयोक्ति, नकल, तात्कालिक तुक    —    card 1 of 2",assets/images/0897.png
898,898_app1grp12_tall-tales-sharp-mimicry-songs-made-on-spot.png,,appendix,1.67-72,"Shared Faith, Riddles, Names, and the Art of the Tall Tale  ·  फकीरी, पहेली, उपनाम, अतिशयोक्ति, नकल, तात्कालिक तुक    —    card 2 of 2",assets/images/0898.png
899,899_app1grp13_title-topsy-turvy-gathering-call-home-away.png,1,appendix-title,1.73-76,,assets/images/0899.png
900,900_app1grp13_truths-upside-down-story-four-roads.png,,appendix,1.73-76,"Topsy-Turvy Wisdom, the Gathering, the Call, and Home Away From Home  ·  उलटबाँसी, खिस्सा-गोष्ठी, पुकार-उत्तर, परदेशी शहर    —    card 1 of 2",assets/images/0900.png
901,901_app1grp13_call-answered-village-travels-with-people.png,,appendix,1.73-76,"Topsy-Turvy Wisdom, the Gathering, the Call, and Home Away From Home  ·  उलटबाँसी, खिस्सा-गोष्ठी, पुकार-उत्तर, परदेशी शहर    —    card 2 of 2",assets/images/0901.png
902,902_appendix3note_title.png,,note,Note,,assets/images/0902.png
903,903_appendix3note_not-a-draft-a-private-study-bank.png,,note,Note,A Note on Appendix 3  ·  परिशिष्ट ३ पर एक टिप्पणी    —    card 1 of 2,assets/images/0903.png
904,904_appendix3note_what-the-exercise-bank-actually-contains.png,,note,Note,A Note on Appendix 3  ·  परिशिष्ट ३ पर एक टिप्पणी    —    card 2 of 2,assets/images/0904.png
